filename,width,height,class,xmin,ymin,xmax,ymax
0_01_02.png,128,128,corrosion,53,52,61,60
0_01_02.png,128,128,corrosion,2,44,6,48
0_01_02.png,128,128,corrosion,8,6,11,9
0_01_02.png,128,128,corrosion,104,48,109,53
0_01_02.png,128,128,corrosion,113,93,120,100
0_01_03.png,128,128,corrosion,54,112,59,116
0_01_03.png,128,128,corrosion,62,113,76,127
0_01_03.png,128,128,corrosion,37,38,43,43
0_01_03.png,128,128,corrosion,86,10,89,13
0_02_01.png,128,128,corrosion,83,59,99,73
0_02_02.png,128,128,corrosion,3,1,16,11
0_02_02.png,128,128,corrosion,78,12,94,28
0_02_02.png,128,128,corrosion,100,43,106,47
0_02_02.png,128,128,corrosion,103,28,109,32
0_02_02.png,128,128,corrosion,119,46,124,50
0_03_03.png,128,128,corrosion,9,91,18,100
0_03_03.png,128,128,corrosion,88,86,92,91
0_03_03.png,128,128,corrosion,113,13,128,32
0_04_01.png,128,128,corrosion,21,47,35,58
0_04_01.png,128,128,corrosion,104,21,112,29
0_04_01.png,128,128,corrosion,111,51,116,55
10_04_02.png,128,128,corrosion,80,94,85,100
10_04_03.png,128,128,corrosion,5,51,11,58
10_04_03.png,128,128,corrosion,34,52,40,60
10_04_03.png,128,128,corrosion,93,108,99,114
10_04_03.png,128,128,corrosion,95,50,99,54
10_04_04.png,128,128,corrosion,60,17,64,22
10_04_04.png,128,128,corrosion,54,101,62,109
10_04_04.png,128,128,corrosion,92,77,95,82
10_04_04.png,128,128,corrosion,78,29,83,34
10_04_04.png,128,128,corrosion,101,54,106,58
11_01_03.png,128,128,corrosion,18,121,23,126
11_02_01.png,128,128,corrosion,90,72,97,80
11_02_01.png,128,128,corrosion,87,56,91,60
11_02_01.png,128,128,corrosion,109,1,122,10
11_02_02.png,128,128,corrosion,9,50,15,55
11_02_02.png,128,128,corrosion,26,90,30,95
11_02_02.png,128,128,corrosion,46,9,52,15
11_02_03.png,128,128,corrosion,37,56,45,62
11_02_03.png,128,128,corrosion,95,71,101,77
11_02_03.png,128,128,corrosion,71,34,76,40
11_02_03.png,128,128,corrosion,94,110,104,120
11_02_03.png,128,128,corrosion,79,80,83,84
11_02_04.png,128,128,corrosion,27,40,35,48
11_02_04.png,128,128,corrosion,10,14,16,19
11_02_04.png,128,128,corrosion,42,90,46,94
11_03_01.png,128,128,corrosion,35,99,39,103
11_03_01.png,128,128,corrosion,53,43,59,48
11_03_01.png,128,128,corrosion,115,36,122,43
11_03_02.png,128,128,corrosion,80,14,86,20
11_03_04.png,128,128,corrosion,30,94,36,100
11_03_04.png,128,128,corrosion,24,101,30,107
11_03_04.png,128,128,corrosion,74,33,80,39
11_03_04.png,128,128,corrosion,63,113,67,118
11_03_04.png,128,128,corrosion,93,25,97,30
12_01_01.png,128,128,corrosion,41,52,47,58
12_01_01.png,128,128,corrosion,2,57,6,62
12_01_01.png,128,128,corrosion,78,92,83,97
12_01_01.png,128,128,corrosion,80,31,82,34
12_01_01.png,128,128,corrosion,69,117,74,122
12_02_02.png,128,128,corrosion,1,39,5,44
12_02_02.png,128,128,corrosion,69,14,74,18
12_03_04.png,128,128,corrosion,64,50,73,60
13_01_01.png,128,128,corrosion,65,65,73,73
13_01_01.png,128,128,corrosion,30,19,37,26
13_01_01.png,128,128,corrosion,76,40,84,49
13_01_01.png,128,128,corrosion,114,39,123,48
13_01_01.png,128,128,corrosion,13,81,22,89
13_01_01.png,128,128,corrosion,50,69,56,75
13_01_01.png,128,128,corrosion,51,21,59,29
13_01_01.png,128,128,corrosion,89,14,95,20
13_01_01.png,128,128,corrosion,43,106,51,112
13_01_01.png,128,128,corrosion,37,77,43,82
13_01_01.png,128,128,corrosion,9,48,14,53
13_01_01.png,128,128,corrosion,48,119,54,126
13_01_01.png,128,128,corrosion,59,92,66,98
13_01_01.png,128,128,corrosion,71,87,77,91
13_01_01.png,128,128,corrosion,70,28,76,35
13_01_01.png,128,128,corrosion,47,11,52,16
13_01_01.png,128,128,corrosion,101,47,107,53
13_01_01.png,128,128,corrosion,95,19,101,26
13_01_01.png,128,128,corrosion,51,113,57,118
13_01_01.png,128,128,corrosion,105,6,112,12
13_01_01.png,128,128,corrosion,12,57,16,63
13_01_01.png,128,128,corrosion,42,1,46,3
13_01_01.png,128,128,corrosion,7,121,13,126
13_01_01.png,128,128,corrosion,59,123,65,128
13_01_04.png,128,128,corrosion,52,21,60,30
13_01_04.png,128,128,corrosion,51,75,60,84
13_01_04.png,128,128,corrosion,55,113,63,122
13_01_04.png,128,128,corrosion,27,111,40,120
13_01_04.png,128,128,corrosion,66,98,77,107
13_01_04.png,128,128,corrosion,89,33,96,41
13_01_04.png,128,128,corrosion,81,7,87,13
13_01_04.png,128,128,corrosion,85,13,91,19
13_01_04.png,128,128,corrosion,42,36,49,43
13_01_04.png,128,128,corrosion,28,37,33,42
13_01_04.png,128,128,corrosion,1,75,7,81
13_01_04.png,128,128,corrosion,2,114,9,122
13_01_04.png,128,128,corrosion,49,62,54,68
13_01_04.png,128,128,corrosion,84,22,91,30
13_01_04.png,128,128,corrosion,96,42,104,49
13_01_04.png,128,128,corrosion,87,49,93,55
13_01_04.png,128,128,corrosion,100,12,106,17
13_01_04.png,128,128,corrosion,36,46,42,52
13_01_04.png,128,128,corrosion,87,63,97,74
13_01_04.png,128,128,corrosion,110,28,117,34
13_02_02.png,128,128,corrosion,12,49,20,58
13_02_02.png,128,128,corrosion,62,41,70,49
13_02_02.png,128,128,corrosion,88,42,96,51
13_02_02.png,128,128,corrosion,77,57,86,64
13_02_02.png,128,128,corrosion,71,73,77,79
13_02_02.png,128,128,corrosion,21,18,26,23
13_02_02.png,128,128,corrosion,34,45,42,55
13_02_02.png,128,128,corrosion,122,40,128,45
13_02_02.png,128,128,corrosion,105,76,116,87
13_02_02.png,128,128,corrosion,31,21,37,28
13_02_02.png,128,128,corrosion,1,17,4,23
13_02_02.png,128,128,corrosion,5,49,10,56
13_02_02.png,128,128,corrosion,5,66,11,72
13_02_02.png,128,128,corrosion,86,81,90,86
13_02_02.png,128,128,corrosion,108,67,112,73
13_02_02.png,128,128,corrosion,44,65,49,69
13_02_02.png,128,128,corrosion,2,106,6,110
13_02_02.png,128,128,corrosion,1,114,37,128
13_02_02.png,128,128,corrosion,73,92,77,96
13_02_02.png,128,128,corrosion,114,102,124,114
13_02_04.png,128,128,corrosion,33,32,41,40
13_02_04.png,128,128,corrosion,1,113,9,120
13_02_04.png,128,128,corrosion,12,118,22,126
13_02_04.png,128,128,corrosion,72,93,82,105
13_02_04.png,128,128,corrosion,51,112,59,119
13_02_04.png,128,128,corrosion,114,51,123,60
13_02_04.png,128,128,corrosion,84,60,92,69
13_02_04.png,128,128,corrosion,59,8,69,19
13_02_04.png,128,128,corrosion,55,37,60,43
13_02_04.png,128,128,corrosion,112,14,122,24
13_02_04.png,128,128,corrosion,91,38,99,44
13_02_04.png,128,128,corrosion,65,39,72,46
13_02_04.png,128,128,corrosion,105,29,113,37
13_02_04.png,128,128,corrosion,8,81,14,86
13_02_04.png,128,128,corrosion,42,108,47,114
13_02_04.png,128,128,corrosion,105,100,111,106
13_02_04.png,128,128,corrosion,64,100,70,106
13_02_04.png,128,128,corrosion,59,122,65,126
13_02_04.png,128,128,corrosion,41,87,47,92
13_02_04.png,128,128,corrosion,116,62,125,70
13_02_04.png,128,128,corrosion,1,52,5,59
13_02_04.png,128,128,corrosion,113,75,120,83
13_02_04.png,128,128,corrosion,43,7,51,14
13_02_04.png,128,128,corrosion,21,100,27,104
13_02_04.png,128,128,corrosion,113,89,122,97
13_02_04.png,128,128,corrosion,74,79,79,84
13_03_01.png,128,128,corrosion,25,69,32,77
13_03_01.png,128,128,corrosion,12,38,21,46
13_03_01.png,128,128,corrosion,42,4,50,12
13_03_01.png,128,128,corrosion,57,18,65,26
13_03_01.png,128,128,corrosion,56,53,65,60
13_03_01.png,128,128,corrosion,48,62,55,69
13_03_01.png,128,128,corrosion,24,42,31,48
13_03_01.png,128,128,corrosion,93,95,100,102
13_03_01.png,128,128,corrosion,18,118,28,125
13_03_01.png,128,128,corrosion,67,106,72,112
13_03_01.png,128,128,corrosion,115,101,123,108
13_03_01.png,128,128,corrosion,73,46,80,54
13_03_01.png,128,128,corrosion,40,45,46,53
13_03_01.png,128,128,corrosion,21,88,26,93
13_03_01.png,128,128,corrosion,56,75,62,82
13_03_01.png,128,128,corrosion,91,70,98,78
13_03_01.png,128,128,corrosion,1,46,5,53
13_03_01.png,128,128,corrosion,87,24,93,30
13_03_01.png,128,128,corrosion,61,5,66,10
13_03_01.png,128,128,corrosion,75,9,81,13
13_03_01.png,128,128,corrosion,12,97,17,102
13_03_01.png,128,128,corrosion,63,97,69,103
13_03_01.png,128,128,corrosion,111,73,117,80
13_03_01.png,128,128,corrosion,98,33,103,38
13_03_01.png,128,128,corrosion,14,27,19,32
13_03_01.png,128,128,corrosion,29,7,36,12
13_03_01.png,128,128,corrosion,15,108,21,113
13_03_01.png,128,128,corrosion,76,69,82,75
13_03_01.png,128,128,corrosion,110,95,115,100
13_03_01.png,128,128,corrosion,120,86,125,91
13_03_01.png,128,128,corrosion,3,99,9,105
13_03_01.png,128,128,corrosion,90,55,96,61
13_03_01.png,128,128,corrosion,39,33,44,38
13_03_01.png,128,128,corrosion,23,63,28,67
13_03_01.png,128,128,corrosion,1,81,5,86
13_03_01.png,128,128,corrosion,115,23,121,29
13_03_01.png,128,128,corrosion,105,57,111,62
13_03_01.png,128,128,corrosion,30,93,34,97
13_03_01.png,128,128,corrosion,76,83,81,88
13_03_02.png,128,128,corrosion,1,1,63,54
13_03_02.png,128,128,corrosion,2,104,7,109
13_03_02.png,128,128,corrosion,30,99,37,107
13_03_02.png,128,128,corrosion,65,100,72,107
13_03_02.png,128,128,corrosion,8,117,13,122
13_03_02.png,128,128,corrosion,89,100,96,106
13_03_02.png,128,128,corrosion,104,97,111,104
13_03_02.png,128,128,corrosion,45,120,52,127
13_03_02.png,128,128,corrosion,80,109,86,117
13_03_02.png,128,128,corrosion,121,57,125,62
13_03_02.png,128,128,corrosion,124,35,128,42
13_03_02.png,128,128,corrosion,88,18,93,24
13_03_02.png,128,128,corrosion,5,64,9,68
13_03_02.png,128,128,corrosion,103,74,110,84
13_03_02.png,128,128,corrosion,49,85,55,93
13_03_02.png,128,128,corrosion,23,62,29,68
13_03_02.png,128,128,corrosion,101,108,108,114
13_03_02.png,128,128,corrosion,60,121,65,126
13_03_02.png,128,128,corrosion,44,105,48,109
13_03_02.png,128,128,corrosion,76,110,81,116
13_03_02.png,128,128,corrosion,45,113,49,117
13_03_02.png,128,128,corrosion,121,22,126,27
13_03_03.png,128,128,corrosion,45,3,54,12
13_03_03.png,128,128,corrosion,118,33,127,42
13_03_03.png,128,128,corrosion,83,49,91,57
13_03_03.png,128,128,corrosion,42,72,49,78
13_03_03.png,128,128,corrosion,94,58,102,66
13_03_03.png,128,128,corrosion,33,88,38,93
13_03_03.png,128,128,corrosion,7,26,13,32
13_03_03.png,128,128,corrosion,80,35,87,42
13_03_03.png,128,128,corrosion,115,6,122,15
13_03_03.png,128,128,corrosion,84,6,90,13
13_03_03.png,128,128,corrosion,98,93,103,99
13_03_03.png,128,128,corrosion,112,110,118,116
13_03_03.png,128,128,corrosion,35,100,40,106
13_03_03.png,128,128,corrosion,98,42,110,51
13_03_03.png,128,128,corrosion,95,13,101,19
13_03_03.png,128,128,corrosion,105,1,113,5
13_03_03.png,128,128,corrosion,16,45,21,51
13_03_03.png,128,128,corrosion,1,87,5,91
13_03_03.png,128,128,corrosion,8,103,13,108
13_03_03.png,128,128,corrosion,22,92,27,98
13_03_03.png,128,128,corrosion,78,113,84,118
13_03_03.png,128,128,corrosion,51,95,58,101
13_03_03.png,128,128,corrosion,37,118,44,123
13_03_03.png,128,128,corrosion,34,37,39,42
13_03_03.png,128,128,corrosion,55,38,61,43
13_03_03.png,128,128,corrosion,124,64,128,72
13_03_03.png,128,128,corrosion,95,83,102,89
13_03_03.png,128,128,corrosion,63,99,69,106
13_03_03.png,128,128,corrosion,109,35,116,41
13_04_02.png,128,128,corrosion,100,65,121,87
13_04_02.png,128,128,corrosion,79,44,89,52
13_04_02.png,128,128,corrosion,1,8,34,45
13_04_02.png,128,128,corrosion,3,48,27,64
13_04_02.png,128,128,corrosion,63,67,69,73
13_04_02.png,128,128,corrosion,44,94,48,98
13_04_02.png,128,128,corrosion,17,94,24,101
13_04_02.png,128,128,corrosion,89,14,96,22
13_04_02.png,128,128,corrosion,104,90,111,95
13_04_02.png,128,128,corrosion,84,75,89,78
13_04_02.png,128,128,corrosion,65,48,72,54
13_04_02.png,128,128,corrosion,116,7,125,15
13_04_02.png,128,128,corrosion,74,8,80,14
13_04_02.png,128,128,corrosion,51,109,58,116
13_04_02.png,128,128,corrosion,116,106,121,113
13_04_02.png,128,128,corrosion,56,59,61,64
13_04_02.png,128,128,corrosion,35,64,41,72
13_04_02.png,128,128,corrosion,105,13,110,19
13_04_02.png,128,128,corrosion,31,94,39,100
13_04_02.png,128,128,corrosion,84,81,89,86
13_04_02.png,128,128,corrosion,87,105,92,111
13_04_02.png,128,128,corrosion,99,95,103,100
13_04_02.png,128,128,corrosion,67,103,73,110
13_04_02.png,128,128,corrosion,72,73,77,78
13_04_02.png,128,128,corrosion,96,30,102,37
13_04_02.png,128,128,corrosion,43,118,49,124
13_04_02.png,128,128,corrosion,41,24,46,30
13_04_02.png,128,128,corrosion,68,25,75,31
13_04_02.png,128,128,corrosion,24,83,31,88
13_04_02.png,128,128,corrosion,81,97,84,101
13_04_02.png,128,128,corrosion,76,103,81,108
13_04_02.png,128,128,corrosion,99,59,105,64
13_04_02.png,128,128,corrosion,122,70,128,75
13_04_02.png,128,128,corrosion,66,113,71,118
13_04_02.png,128,128,corrosion,56,52,63,57
13_04_02.png,128,128,corrosion,84,60,89,64
13_04_03.png,128,128,corrosion,46,23,54,30
13_04_03.png,128,128,corrosion,80,17,88,23
13_04_03.png,128,128,corrosion,11,63,17,71
13_04_03.png,128,128,corrosion,44,98,49,102
13_04_03.png,128,128,corrosion,50,106,56,112
13_04_03.png,128,128,corrosion,116,21,124,29
13_04_03.png,128,128,corrosion,39,85,46,94
13_04_03.png,128,128,corrosion,71,116,79,122
13_04_03.png,128,128,corrosion,98,101,104,107
13_04_03.png,128,128,corrosion,33,48,40,54
13_04_03.png,128,128,corrosion,16,82,22,87
13_04_03.png,128,128,corrosion,57,92,64,98
13_04_03.png,128,128,corrosion,65,88,71,95
13_04_03.png,128,128,corrosion,56,48,63,56
13_04_03.png,128,128,corrosion,92,89,99,96
13_04_03.png,128,128,corrosion,121,5,125,10
13_04_03.png,128,128,corrosion,110,103,116,111
13_04_03.png,128,128,corrosion,86,118,91,124
14_01_02.png,128,128,corrosion,37,52,46,61
14_01_02.png,128,128,corrosion,37,65,45,73
14_01_02.png,128,128,corrosion,4,26,12,34
14_01_02.png,128,128,corrosion,22,93,29,99
14_01_02.png,128,128,corrosion,46,83,53,90
14_01_02.png,128,128,corrosion,110,58,119,67
14_01_02.png,128,128,corrosion,26,105,33,113
14_01_02.png,128,128,corrosion,8,107,15,115
14_01_02.png,128,128,corrosion,9,43,16,51
14_01_02.png,128,128,corrosion,2,103,7,109
14_01_02.png,128,128,corrosion,4,56,9,62
14_01_02.png,128,128,corrosion,22,54,31,60
14_01_02.png,128,128,corrosion,60,112,68,119
14_01_02.png,128,128,corrosion,71,102,77,109
14_01_02.png,128,128,corrosion,65,71,72,77
14_01_02.png,128,128,corrosion,50,110,56,116
14_01_02.png,128,128,corrosion,85,98,90,105
14_01_02.png,128,128,corrosion,56,89,65,96
14_01_02.png,128,128,corrosion,22,22,27,27
14_01_02.png,128,128,corrosion,108,26,120,39
14_01_02.png,128,128,corrosion,120,14,125,23
14_01_02.png,128,128,corrosion,46,34,50,38
14_01_03.png,128,128,corrosion,35,28,42,34
14_01_03.png,128,128,corrosion,3,27,8,33
14_01_03.png,128,128,corrosion,89,55,96,63
14_01_03.png,128,128,corrosion,110,45,117,52
14_01_03.png,128,128,corrosion,74,19,79,25
14_01_03.png,128,128,corrosion,77,3,84,8
14_01_03.png,128,128,corrosion,24,69,29,73
14_01_03.png,128,128,corrosion,57,56,63,61
14_01_03.png,128,128,corrosion,32,16,39,22
14_01_03.png,128,128,corrosion,109,115,116,122
14_01_03.png,128,128,corrosion,97,26,102,31
14_01_03.png,128,128,corrosion,45,26,51,31
14_01_03.png,128,128,corrosion,37,35,43,41
14_01_03.png,128,128,corrosion,61,16,68,23
14_01_03.png,128,128,corrosion,79,78,84,83
14_01_03.png,128,128,corrosion,4,13,10,18
14_01_03.png,128,128,corrosion,100,83,105,90
14_01_03.png,128,128,corrosion,91,9,97,15
14_01_03.png,128,128,corrosion,60,31,66,36
14_01_03.png,128,128,corrosion,71,53,78,59
14_01_03.png,128,128,corrosion,2,78,9,84
14_01_03.png,128,128,corrosion,106,99,111,105
14_01_03.png,128,128,corrosion,44,2,48,7
14_01_03.png,128,128,corrosion,36,65,41,70
14_01_03.png,128,128,corrosion,73,33,78,37
14_01_03.png,128,128,corrosion,115,29,120,34
14_01_03.png,128,128,corrosion,24,56,29,60
14_01_03.png,128,128,corrosion,54,23,60,31
14_01_03.png,128,128,corrosion,121,3,128,10
14_01_03.png,128,128,corrosion,61,39,67,45
14_01_03.png,128,128,corrosion,72,10,76,14
14_01_03.png,128,128,corrosion,36,4,41,9
14_01_03.png,128,128,corrosion,80,87,85,91
14_01_03.png,128,128,corrosion,120,53,124,58
14_01_03.png,128,128,corrosion,16,4,21,10
14_01_03.png,128,128,corrosion,15,73,21,79
14_02_02.png,128,128,corrosion,9,28,15,34
14_02_02.png,128,128,corrosion,45,39,50,45
14_02_02.png,128,128,corrosion,62,31,70,37
14_02_02.png,128,128,corrosion,23,14,30,19
14_02_02.png,128,128,corrosion,49,103,58,111
14_02_02.png,128,128,corrosion,96,100,103,108
14_02_02.png,128,128,corrosion,71,47,77,54
14_02_02.png,128,128,corrosion,62,2,70,10
14_02_02.png,128,128,corrosion,35,18,42,25
14_02_02.png,128,128,corrosion,108,18,116,26
14_02_02.png,128,128,corrosion,78,8,86,16
14_02_02.png,128,128,corrosion,58,18,64,24
14_02_02.png,128,128,corrosion,36,49,43,56
14_02_02.png,128,128,corrosion,81,49,87,54
14_02_02.png,128,128,corrosion,97,45,104,53
14_02_02.png,128,128,corrosion,115,46,121,52
14_02_02.png,128,128,corrosion,25,34,31,42
14_02_02.png,128,128,corrosion,9,45,22,57
14_02_02.png,128,128,corrosion,76,33,82,40
14_02_02.png,128,128,corrosion,81,107,89,116
14_02_02.png,128,128,corrosion,19,4,27,12
14_02_02.png,128,128,corrosion,3,16,9,22
14_02_02.png,128,128,corrosion,1,23,6,29
14_02_02.png,128,128,corrosion,1,56,7,65
14_02_02.png,128,128,corrosion,36,65,41,70
14_02_02.png,128,128,corrosion,53,41,58,47
14_02_02.png,128,128,corrosion,49,70,54,76
14_02_02.png,128,128,corrosion,41,10,47,18
14_02_02.png,128,128,corrosion,80,21,85,27
14_02_02.png,128,128,corrosion,97,77,101,82
14_02_02.png,128,128,corrosion,2,103,16,114
14_02_02.png,128,128,corrosion,58,63,64,69
14_02_02.png,128,128,corrosion,95,19,101,25
14_02_02.png,128,128,corrosion,95,29,103,36
14_02_02.png,128,128,corrosion,35,39,42,45
14_02_02.png,128,128,corrosion,120,92,125,97
14_02_02.png,128,128,corrosion,115,36,120,41
14_02_02.png,128,128,corrosion,118,11,123,16
14_02_02.png,128,128,corrosion,52,34,57,39
14_02_02.png,128,128,corrosion,67,18,75,25
14_02_02.png,128,128,corrosion,112,116,118,122
14_02_02.png,128,128,corrosion,80,94,85,100
14_02_02.png,128,128,corrosion,111,63,115,68
14_02_03.png,128,128,corrosion,6,21,14,28
14_02_03.png,128,128,corrosion,6,53,13,59
14_02_03.png,128,128,corrosion,64,60,72,68
14_02_03.png,128,128,corrosion,33,73,40,81
14_02_03.png,128,128,corrosion,9,97,16,104
14_02_03.png,128,128,corrosion,86,108,94,115
14_02_03.png,128,128,corrosion,5,38,15,45
14_02_03.png,128,128,corrosion,82,75,89,83
14_02_03.png,128,128,corrosion,104,39,111,45
14_02_03.png,128,128,corrosion,19,7,31,15
14_02_03.png,128,128,corrosion,24,45,28,49
14_02_03.png,128,128,corrosion,33,27,40,33
14_02_03.png,128,128,corrosion,23,20,29,26
14_02_03.png,128,128,corrosion,40,94,44,98
14_02_03.png,128,128,corrosion,49,64,57,74
14_02_03.png,128,128,corrosion,115,98,122,107
14_02_03.png,128,128,corrosion,80,88,88,95
14_02_03.png,128,128,corrosion,53,7,59,12
14_02_03.png,128,128,corrosion,20,106,25,111
14_02_03.png,128,128,corrosion,72,28,78,34
14_02_03.png,128,128,corrosion,84,1,90,5
14_02_03.png,128,128,corrosion,80,51,84,56
14_02_03.png,128,128,corrosion,98,47,104,52
14_02_03.png,128,128,corrosion,35,49,44,55
14_02_04.png,128,128,corrosion,3,44,12,52
14_02_04.png,128,128,corrosion,38,18,45,25
14_02_04.png,128,128,corrosion,105,1,119,11
14_02_04.png,128,128,corrosion,37,81,45,89
14_02_04.png,128,128,corrosion,53,30,61,37
14_02_04.png,128,128,corrosion,70,53,78,60
14_02_04.png,128,128,corrosion,60,55,67,63
14_02_04.png,128,128,corrosion,79,28,85,34
14_02_04.png,128,128,corrosion,58,9,65,16
14_02_04.png,128,128,corrosion,103,33,110,40
14_02_04.png,128,128,corrosion,13,7,18,12
14_02_04.png,128,128,corrosion,87,60,93,68
14_02_04.png,128,128,corrosion,108,44,113,50
14_02_04.png,128,128,corrosion,87,32,93,38
14_02_04.png,128,128,corrosion,34,2,40,7
14_02_04.png,128,128,corrosion,75,66,83,76
14_02_04.png,128,128,corrosion,119,76,128,85
14_02_04.png,128,128,corrosion,106,14,112,20
14_02_04.png,128,128,corrosion,30,42,35,49
14_02_04.png,128,128,corrosion,18,103,27,111
14_02_04.png,128,128,corrosion,80,119,85,124
14_02_04.png,128,128,corrosion,112,67,117,73
14_02_04.png,128,128,corrosion,93,8,99,14
14_02_04.png,128,128,corrosion,31,32,37,37
14_02_04.png,128,128,corrosion,114,39,120,45
14_02_04.png,128,128,corrosion,21,94,27,100
14_02_04.png,128,128,corrosion,91,26,97,31
14_03_02.png,128,128,corrosion,76,64,84,72
14_03_02.png,128,128,corrosion,53,112,60,119
14_03_02.png,128,128,corrosion,120,82,128,90
14_03_02.png,128,128,corrosion,42,6,48,13
14_03_02.png,128,128,corrosion,1,120,7,126
14_03_02.png,128,128,corrosion,52,71,59,78
14_03_02.png,128,128,corrosion,67,29,73,34
14_03_02.png,128,128,corrosion,77,22,82,28
14_03_02.png,128,128,corrosion,93,6,98,11
14_04_01.png,128,128,corrosion,26,90,32,96
14_04_01.png,128,128,corrosion,43,40,53,49
14_04_01.png,128,128,corrosion,61,29,73,40
14_04_01.png,128,128,corrosion,16,53,24,60
14_04_01.png,128,128,corrosion,65,112,74,118
14_04_01.png,128,128,corrosion,18,70,26,77
14_04_01.png,128,128,corrosion,60,76,65,82
14_04_01.png,128,128,corrosion,95,116,100,121
14_04_01.png,128,128,corrosion,86,96,92,103
14_04_01.png,128,128,corrosion,29,7,36,13
14_04_01.png,128,128,corrosion,6,91,11,97
14_04_01.png,128,128,corrosion,36,112,42,117
14_04_01.png,128,128,corrosion,90,15,96,21
14_04_01.png,128,128,corrosion,106,89,112,96
14_04_01.png,128,128,corrosion,70,89,76,94
14_04_04.png,128,128,corrosion,66,28,74,36
14_04_04.png,128,128,corrosion,78,19,85,27
14_04_04.png,128,128,corrosion,87,20,93,27
14_04_04.png,128,128,corrosion,114,11,121,18
14_04_04.png,128,128,corrosion,64,1,70,8
14_04_04.png,128,128,corrosion,6,101,13,109
14_04_04.png,128,128,corrosion,48,40,55,47
14_04_04.png,128,128,corrosion,92,41,98,48
14_04_04.png,128,128,corrosion,100,43,108,50
14_04_04.png,128,128,corrosion,15,80,21,86
14_04_04.png,128,128,corrosion,26,81,33,87
14_04_04.png,128,128,corrosion,42,57,50,64
14_04_04.png,128,128,corrosion,95,53,103,61
14_04_04.png,128,128,corrosion,56,96,66,104
14_04_04.png,128,128,corrosion,88,92,97,100
14_04_04.png,128,128,corrosion,68,39,75,47
14_04_04.png,128,128,corrosion,102,71,110,79
14_04_04.png,128,128,corrosion,49,67,56,75
14_04_04.png,128,128,corrosion,2,112,10,119
14_04_04.png,128,128,corrosion,11,91,17,98
15_01_01.png,128,128,corrosion,29,12,35,20
15_01_01.png,128,128,corrosion,34,18,39,24
15_01_01.png,128,128,corrosion,33,27,39,34
15_01_01.png,128,128,corrosion,5,15,11,22
15_01_01.png,128,128,corrosion,9,64,16,71
15_01_01.png,128,128,corrosion,25,52,33,60
15_01_01.png,128,128,corrosion,15,77,22,84
15_01_01.png,128,128,corrosion,43,67,50,73
15_01_01.png,128,128,corrosion,69,49,78,59
15_01_01.png,128,128,corrosion,62,10,73,19
15_01_01.png,128,128,corrosion,52,4,60,11
15_01_01.png,128,128,corrosion,67,32,76,41
15_01_01.png,128,128,corrosion,45,100,51,106
15_01_01.png,128,128,corrosion,52,88,59,95
15_01_01.png,128,128,corrosion,57,95,63,101
15_01_01.png,128,128,corrosion,32,85,39,91
15_01_01.png,128,128,corrosion,14,29,21,35
15_01_01.png,128,128,corrosion,76,75,83,81
15_01_01.png,128,128,corrosion,92,77,98,84
15_01_01.png,128,128,corrosion,80,96,87,104
15_01_01.png,128,128,corrosion,84,83,91,90
15_01_01.png,128,128,corrosion,88,57,95,64
15_01_01.png,128,128,corrosion,30,63,36,70
15_01_01.png,128,128,corrosion,3,84,10,90
15_01_01.png,128,128,corrosion,1,32,7,39
15_01_01.png,128,128,corrosion,16,95,29,108
15_01_01.png,128,128,corrosion,59,82,66,88
15_01_01.png,128,128,corrosion,61,90,68,98
15_01_01.png,128,128,corrosion,66,88,72,94
15_01_01.png,128,128,corrosion,49,59,56,66
15_01_01.png,128,128,corrosion,66,67,73,74
15_01_01.png,128,128,corrosion,6,108,15,114
15_01_01.png,128,128,corrosion,1,102,7,110
15_01_01.png,128,128,corrosion,45,114,51,121
15_01_01.png,128,128,corrosion,58,119,64,125
15_01_01.png,128,128,corrosion,68,111,75,118
15_01_01.png,128,128,corrosion,106,94,116,102
15_01_01.png,128,128,corrosion,116,68,126,77
15_01_01.png,128,128,corrosion,78,21,86,30
15_01_01.png,128,128,corrosion,57,30,63,38
15_01_01.png,128,128,corrosion,24,111,31,118
15_01_01.png,128,128,corrosion,92,98,98,104
15_01_01.png,128,128,corrosion,88,70,94,75
15_01_01.png,128,128,corrosion,77,67,84,73
15_01_01.png,128,128,corrosion,22,61,29,67
15_01_01.png,128,128,corrosion,16,61,23,69
15_01_01.png,128,128,corrosion,92,19,99,25
15_01_01.png,128,128,corrosion,104,77,114,85
15_01_01.png,128,128,corrosion,108,7,114,13
15_01_01.png,128,128,corrosion,7,24,14,31
15_01_01.png,128,128,corrosion,13,25,19,30
15_01_01.png,128,128,corrosion,13,29,21,36
15_02_04.png,128,128,corrosion,27,59,33,66
15_02_04.png,128,128,corrosion,45,59,52,66
15_02_04.png,128,128,corrosion,49,45,56,51
15_02_04.png,128,128,corrosion,33,101,40,109
15_02_04.png,128,128,corrosion,52,72,58,78
15_02_04.png,128,128,corrosion,26,10,35,20
15_02_04.png,128,128,corrosion,10,48,17,55
15_02_04.png,128,128,corrosion,52,32,61,40
15_02_04.png,128,128,corrosion,73,37,79,43
15_02_04.png,128,128,corrosion,86,97,91,104
15_02_04.png,128,128,corrosion,67,68,73,75
15_02_04.png,128,128,corrosion,15,1,24,8
15_02_04.png,128,128,corrosion,14,73,23,85
15_02_04.png,128,128,corrosion,4,86,9,93
15_02_04.png,128,128,corrosion,34,89,41,96
15_02_04.png,128,128,corrosion,66,76,74,83
15_02_04.png,128,128,corrosion,28,19,34,26
15_02_04.png,128,128,corrosion,56,108,61,115
15_02_04.png,128,128,corrosion,37,74,44,80
15_02_04.png,128,128,corrosion,120,109,126,117
15_02_04.png,128,128,corrosion,14,40,19,46
15_02_04.png,128,128,corrosion,22,26,29,32
15_02_04.png,128,128,corrosion,45,5,53,13
15_02_04.png,128,128,corrosion,8,121,13,126
15_02_04.png,128,128,corrosion,24,49,29,55
15_02_04.png,128,128,corrosion,85,81,91,87
15_02_04.png,128,128,corrosion,87,49,93,55
15_03_01.png,128,128,corrosion,12,46,20,53
15_03_01.png,128,128,corrosion,37,81,45,89
15_03_01.png,128,128,corrosion,67,65,82,71
15_03_01.png,128,128,corrosion,68,92,80,104
15_03_01.png,128,128,corrosion,69,38,77,47
15_03_01.png,128,128,corrosion,109,118,117,125
15_03_01.png,128,128,corrosion,90,99,96,105
15_03_02.png,128,128,corrosion,11,8,21,16
15_03_02.png,128,128,corrosion,9,43,17,52
15_03_02.png,128,128,corrosion,43,16,51,25
15_03_02.png,128,128,corrosion,64,8,71,16
15_03_02.png,128,128,corrosion,27,99,36,107
15_03_02.png,128,128,corrosion,67,46,76,56
15_03_02.png,128,128,corrosion,92,17,101,28
15_03_02.png,128,128,corrosion,97,45,107,55
15_03_02.png,128,128,corrosion,103,38,111,47
15_03_02.png,128,128,corrosion,88,60,96,69
15_03_02.png,128,128,corrosion,111,111,118,119
15_03_02.png,128,128,corrosion,106,74,112,80
15_03_02.png,128,128,corrosion,58,64,64,70
15_03_02.png,128,128,corrosion,77,38,83,44
15_03_02.png,128,128,corrosion,66,113,71,118
15_03_02.png,128,128,corrosion,72,108,79,114
15_03_02.png,128,128,corrosion,65,17,71,22
15_03_02.png,128,128,corrosion,116,59,120,63
15_03_03.png,128,128,corrosion,70,41,77,49
15_03_03.png,128,128,corrosion,95,85,103,93
15_03_03.png,128,128,corrosion,107,76,114,83
15_03_03.png,128,128,corrosion,95,35,102,43
15_03_03.png,128,128,corrosion,68,115,79,123
15_03_03.png,128,128,corrosion,91,57,97,63
15_03_03.png,128,128,corrosion,28,50,35,57
15_03_03.png,128,128,corrosion,87,11,94,17
15_03_03.png,128,128,corrosion,101,7,108,12
15_03_03.png,128,128,corrosion,99,1,106,5
15_03_03.png,128,128,corrosion,122,98,128,103
15_03_03.png,128,128,corrosion,76,97,84,104
15_03_03.png,128,128,corrosion,114,41,123,50
15_03_03.png,128,128,corrosion,105,25,111,31
15_03_03.png,128,128,corrosion,98,97,105,103
15_03_03.png,128,128,corrosion,116,77,122,83
15_03_03.png,128,128,corrosion,96,45,102,51
15_03_04.png,128,128,corrosion,16,67,24,75
15_03_04.png,128,128,corrosion,4,38,11,44
15_03_04.png,128,128,corrosion,10,14,16,21
15_03_04.png,128,128,corrosion,3,99,12,107
15_03_04.png,128,128,corrosion,64,60,70,69
15_03_04.png,128,128,corrosion,77,80,86,89
15_03_04.png,128,128,corrosion,62,83,69,89
15_03_04.png,128,128,corrosion,34,93,41,99
15_03_04.png,128,128,corrosion,53,23,60,31
15_03_04.png,128,128,corrosion,16,41,25,51
15_03_04.png,128,128,corrosion,11,48,16,54
15_03_04.png,128,128,corrosion,31,55,37,63
15_03_04.png,128,128,corrosion,92,38,98,44
15_03_04.png,128,128,corrosion,80,2,87,8
15_03_04.png,128,128,corrosion,101,68,109,76
15_03_04.png,128,128,corrosion,45,63,52,70
15_03_04.png,128,128,corrosion,56,92,64,102
15_03_04.png,128,128,corrosion,121,21,128,29
15_03_04.png,128,128,corrosion,64,22,69,27
15_03_04.png,128,128,corrosion,51,2,57,9
15_03_04.png,128,128,corrosion,81,45,88,51
15_03_04.png,128,128,corrosion,82,20,88,28
15_03_04.png,128,128,corrosion,118,57,124,63
15_03_04.png,128,128,corrosion,37,110,43,116
15_03_04.png,128,128,corrosion,70,89,81,97
15_03_04.png,128,128,corrosion,71,34,76,40
15_03_04.png,128,128,corrosion,72,13,77,19
15_03_04.png,128,128,corrosion,108,76,114,83
15_03_04.png,128,128,corrosion,104,12,112,18
15_03_04.png,128,128,corrosion,24,78,32,87
15_03_04.png,128,128,corrosion,97,46,102,52
15_03_04.png,128,128,corrosion,53,105,59,110
15_03_04.png,128,128,corrosion,72,45,78,51
15_03_04.png,128,128,corrosion,95,19,101,24
15_04_01.png,128,128,corrosion,58,7,67,17
15_04_01.png,128,128,corrosion,103,12,110,21
15_04_01.png,128,128,corrosion,35,59,42,65
15_04_01.png,128,128,corrosion,28,40,34,46
15_04_01.png,128,128,corrosion,44,29,51,35
15_04_01.png,128,128,corrosion,84,100,92,108
15_04_01.png,128,128,corrosion,111,71,120,80
15_04_01.png,128,128,corrosion,47,62,54,69
15_04_01.png,128,128,corrosion,3,89,11,97
15_04_01.png,128,128,corrosion,48,104,56,116
15_04_01.png,128,128,corrosion,4,52,12,60
15_04_01.png,128,128,corrosion,96,36,102,42
15_04_01.png,128,128,corrosion,105,23,113,28
15_04_01.png,128,128,corrosion,17,74,24,84
15_04_01.png,128,128,corrosion,75,97,83,105
15_04_01.png,128,128,corrosion,93,72,99,78
15_04_01.png,128,128,corrosion,57,110,64,117
15_04_01.png,128,128,corrosion,111,81,117,88
15_04_01.png,128,128,corrosion,44,85,50,92
15_04_01.png,128,128,corrosion,37,114,45,121
15_04_01.png,128,128,corrosion,62,119,70,126
15_04_01.png,128,128,corrosion,56,51,61,56
15_04_01.png,128,128,corrosion,108,90,114,96
15_04_02.png,128,128,corrosion,49,55,58,63
15_04_02.png,128,128,corrosion,66,68,75,79
15_04_02.png,128,128,corrosion,75,89,83,96
15_04_02.png,128,128,corrosion,74,106,82,115
15_04_02.png,128,128,corrosion,93,88,100,96
15_04_02.png,128,128,corrosion,103,88,109,94
15_04_02.png,128,128,corrosion,109,57,115,64
15_04_02.png,128,128,corrosion,108,81,115,88
15_04_02.png,128,128,corrosion,53,1,60,7
15_04_02.png,128,128,corrosion,85,74,91,80
16_01_02.png,128,128,corrosion,53,60,61,70
16_01_02.png,128,128,corrosion,85,66,94,74
16_01_02.png,128,128,corrosion,101,58,109,66
16_01_02.png,128,128,corrosion,15,4,23,11
16_01_02.png,128,128,corrosion,38,20,44,26
16_01_02.png,128,128,corrosion,38,4,44,12
16_01_02.png,128,128,corrosion,5,62,17,73
16_01_02.png,128,128,corrosion,61,19,67,25
16_01_02.png,128,128,corrosion,72,3,81,11
16_01_02.png,128,128,corrosion,47,2,57,8
16_01_02.png,128,128,corrosion,46,93,53,100
16_01_02.png,128,128,corrosion,99,1,108,8
16_01_02.png,128,128,corrosion,84,5,91,11
16_01_02.png,128,128,corrosion,99,93,105,100
16_01_02.png,128,128,corrosion,107,83,112,89
16_01_02.png,128,128,corrosion,85,52,91,58
16_01_02.png,128,128,corrosion,27,81,37,89
16_01_02.png,128,128,corrosion,97,34,107,43
16_01_02.png,128,128,corrosion,50,25,56,31
16_01_02.png,128,128,corrosion,7,19,13,26
16_01_02.png,128,128,corrosion,116,2,126,8
16_01_02.png,128,128,corrosion,84,110,91,117
16_01_02.png,128,128,corrosion,114,17,122,26
16_01_02.png,128,128,corrosion,119,41,125,48
16_01_02.png,128,128,corrosion,118,74,124,81
16_01_02.png,128,128,corrosion,73,31,82,41
16_01_02.png,128,128,corrosion,86,75,91,81
16_01_02.png,128,128,corrosion,74,116,80,124
16_01_02.png,128,128,corrosion,91,99,96,106
16_01_02.png,128,128,corrosion,17,18,25,25
16_01_03.png,128,128,corrosion,15,53,24,62
16_01_03.png,128,128,corrosion,10,8,17,16
16_01_03.png,128,128,corrosion,70,16,80,25
16_01_03.png,128,128,corrosion,89,45,96,52
16_01_03.png,128,128,corrosion,89,32,96,41
16_01_03.png,128,128,corrosion,38,29,45,36
16_01_03.png,128,128,corrosion,94,65,104,75
16_01_03.png,128,128,corrosion,42,12,47,18
16_01_03.png,128,128,corrosion,53,21,65,32
16_01_03.png,128,128,corrosion,47,52,56,59
16_01_03.png,128,128,corrosion,27,65,33,70
16_01_03.png,128,128,corrosion,108,43,115,51
16_01_03.png,128,128,corrosion,122,94,128,101
16_01_04.png,128,128,corrosion,46,39,56,48
16_01_04.png,128,128,corrosion,27,62,38,72
16_01_04.png,128,128,corrosion,68,11,76,22
16_01_04.png,128,128,corrosion,79,11,88,18
16_01_04.png,128,128,corrosion,9,1,21,10
16_01_04.png,128,128,corrosion,83,24,94,36
16_01_04.png,128,128,corrosion,96,18,103,27
16_01_04.png,128,128,corrosion,76,76,83,82
16_01_04.png,128,128,corrosion,91,79,97,87
16_01_04.png,128,128,corrosion,28,52,39,59
16_01_04.png,128,128,corrosion,95,57,101,62
16_01_04.png,128,128,corrosion,85,120,92,127
16_01_04.png,128,128,corrosion,111,96,117,102
16_01_04.png,128,128,corrosion,115,1,123,10
16_02_01.png,128,128,corrosion,16,38,25,49
16_02_01.png,128,128,corrosion,34,10,46,20
16_02_01.png,128,128,corrosion,87,70,91,75
16_02_01.png,128,128,corrosion,35,98,43,107
16_02_01.png,128,128,corrosion,1,91,8,99
16_02_01.png,128,128,corrosion,11,105,19,113
16_02_01.png,128,128,corrosion,117,11,126,20
16_02_01.png,128,128,corrosion,68,40,75,46
16_02_02.png,128,128,corrosion,1,30,8,38
16_02_02.png,128,128,corrosion,6,83,15,92
16_02_02.png,128,128,corrosion,31,120,41,128
16_02_02.png,128,128,corrosion,85,26,94,35
16_02_02.png,128,128,corrosion,61,33,67,40
16_02_02.png,128,128,corrosion,97,23,103,32
16_02_02.png,128,128,corrosion,63,74,71,85
16_02_02.png,128,128,corrosion,59,104,77,111
16_02_02.png,128,128,corrosion,119,33,125,39
16_02_02.png,128,128,corrosion,54,83,60,89
16_02_03.png,128,128,corrosion,4,47,12,55
16_02_03.png,128,128,corrosion,1,84,11,92
16_02_03.png,128,128,corrosion,55,46,63,55
16_02_03.png,128,128,corrosion,35,54,42,64
16_02_03.png,128,128,corrosion,59,87,67,95
16_02_03.png,128,128,corrosion,83,56,92,65
16_02_03.png,128,128,corrosion,79,100,86,109
16_02_03.png,128,128,corrosion,93,77,103,86
16_02_03.png,128,128,corrosion,50,103,56,111
16_02_03.png,128,128,corrosion,111,33,117,40
16_02_03.png,128,128,corrosion,84,24,89,31
16_02_03.png,128,128,corrosion,89,85,97,96
16_02_03.png,128,128,corrosion,68,77,74,83
16_02_03.png,128,128,corrosion,96,113,103,120
16_02_03.png,128,128,corrosion,107,99,111,103
16_03_01.png,128,128,corrosion,51,8,63,16
16_03_01.png,128,128,corrosion,32,18,37,24
16_03_01.png,128,128,corrosion,26,38,34,45
16_03_01.png,128,128,corrosion,34,59,40,67
16_03_01.png,128,128,corrosion,73,89,80,94
16_03_01.png,128,128,corrosion,69,44,76,51
16_03_01.png,128,128,corrosion,22,7,27,13
16_03_01.png,128,128,corrosion,72,62,78,66
16_03_01.png,128,128,corrosion,51,99,59,106
16_03_01.png,128,128,corrosion,1,37,8,43
16_03_01.png,128,128,corrosion,24,20,31,27
16_03_01.png,128,128,corrosion,106,86,112,93
16_03_01.png,128,128,corrosion,19,72,24,77
16_03_02.png,128,128,corrosion,61,4,74,14
16_03_02.png,128,128,corrosion,51,48,61,56
16_03_02.png,128,128,corrosion,103,29,110,37
16_03_02.png,128,128,corrosion,96,63,105,70
16_03_02.png,128,128,corrosion,40,104,45,111
16_03_02.png,128,128,corrosion,37,70,45,77
16_03_02.png,128,128,corrosion,83,11,89,18
16_03_02.png,128,128,corrosion,95,53,104,61
16_03_02.png,128,128,corrosion,103,113,112,122
16_03_02.png,128,128,corrosion,84,114,92,121
16_03_02.png,128,128,corrosion,88,77,94,83
16_03_02.png,128,128,corrosion,29,100,35,106
16_03_02.png,128,128,corrosion,21,82,28,87
16_03_02.png,128,128,corrosion,120,56,127,63
16_03_02.png,128,128,corrosion,98,14,104,19
16_03_02.png,128,128,corrosion,6,83,12,89
16_03_02.png,128,128,corrosion,78,86,84,92
16_03_03.png,128,128,corrosion,18,11,29,21
16_03_03.png,128,128,corrosion,100,23,109,33
16_03_03.png,128,128,corrosion,115,60,124,69
16_03_03.png,128,128,corrosion,39,97,48,105
16_03_03.png,128,128,corrosion,55,109,67,120
16_03_03.png,128,128,corrosion,56,24,63,31
16_03_03.png,128,128,corrosion,45,41,51,48
16_03_03.png,128,128,corrosion,100,100,105,106
16_03_03.png,128,128,corrosion,99,14,104,19
16_03_04.png,128,128,corrosion,57,27,67,35
16_03_04.png,128,128,corrosion,108,63,117,73
16_03_04.png,128,128,corrosion,29,63,37,71
16_03_04.png,128,128,corrosion,22,85,30,93
16_03_04.png,128,128,corrosion,24,73,32,80
16_03_04.png,128,128,corrosion,86,9,94,15
16_03_04.png,128,128,corrosion,114,23,123,32
16_03_04.png,128,128,corrosion,11,38,19,45
16_03_04.png,128,128,corrosion,77,70,86,78
16_03_04.png,128,128,corrosion,54,99,64,110
16_03_04.png,128,128,corrosion,40,58,45,63
16_03_04.png,128,128,corrosion,67,39,74,46
16_03_04.png,128,128,corrosion,65,9,74,17
16_03_04.png,128,128,corrosion,110,10,117,18
16_03_04.png,128,128,corrosion,68,107,73,113
16_03_04.png,128,128,corrosion,27,107,32,113
16_03_04.png,128,128,corrosion,32,51,39,58
16_03_04.png,128,128,corrosion,101,45,107,52
16_04_01.png,128,128,corrosion,117,27,122,35
16_04_01.png,128,128,corrosion,113,19,119,25
16_04_01.png,128,128,corrosion,111,43,117,49
16_04_01.png,128,128,corrosion,87,30,93,35
16_04_01.png,128,128,corrosion,106,62,114,70
16_04_02.png,128,128,corrosion,76,15,85,23
16_04_02.png,128,128,corrosion,34,80,41,91
16_04_02.png,128,128,corrosion,39,21,50,32
16_04_02.png,128,128,corrosion,66,11,75,20
16_04_02.png,128,128,corrosion,53,33,61,41
16_04_02.png,128,128,corrosion,49,26,55,33
16_04_02.png,128,128,corrosion,97,73,104,80
16_04_02.png,128,128,corrosion,3,80,14,92
16_04_02.png,128,128,corrosion,28,43,35,50
16_04_02.png,128,128,corrosion,102,48,108,55
16_04_02.png,128,128,corrosion,99,6,105,12
16_04_02.png,128,128,corrosion,49,88,55,94
16_04_02.png,128,128,corrosion,58,64,66,73
16_04_02.png,128,128,corrosion,79,61,85,68
16_04_02.png,128,128,corrosion,82,106,91,115
16_04_02.png,128,128,corrosion,18,48,26,57
16_04_02.png,128,128,corrosion,20,118,27,123
16_04_02.png,128,128,corrosion,93,91,100,97
16_04_02.png,128,128,corrosion,107,59,119,67
16_04_02.png,128,128,corrosion,29,28,36,36
16_04_02.png,128,128,corrosion,43,4,49,10
16_04_02.png,128,128,corrosion,36,1,42,7
16_04_02.png,128,128,corrosion,32,63,39,70
16_04_02.png,128,128,corrosion,43,39,49,46
16_04_02.png,128,128,corrosion,4,56,11,63
16_04_02.png,128,128,corrosion,115,98,120,104
16_04_02.png,128,128,corrosion,5,98,13,104
16_04_03.png,128,128,corrosion,13,66,21,74
16_04_03.png,128,128,corrosion,35,39,42,46
16_04_03.png,128,128,corrosion,66,4,74,13
16_04_03.png,128,128,corrosion,36,51,45,59
16_04_03.png,128,128,corrosion,64,23,74,32
16_04_03.png,128,128,corrosion,5,97,11,104
16_04_03.png,128,128,corrosion,93,3,100,9
16_04_03.png,128,128,corrosion,109,25,117,33
16_04_03.png,128,128,corrosion,18,84,24,91
16_04_03.png,128,128,corrosion,92,61,98,67
16_04_03.png,128,128,corrosion,42,39,52,47
16_04_03.png,128,128,corrosion,49,46,57,53
16_04_03.png,128,128,corrosion,43,96,49,102
16_04_03.png,128,128,corrosion,98,53,104,59
16_04_03.png,128,128,corrosion,86,27,92,32
16_04_03.png,128,128,corrosion,67,67,75,74
16_04_03.png,128,128,corrosion,39,62,47,68
16_04_03.png,128,128,corrosion,76,108,86,117
16_04_03.png,128,128,corrosion,51,82,58,89
16_04_03.png,128,128,corrosion,53,102,59,108
16_04_03.png,128,128,corrosion,101,38,107,46
16_04_03.png,128,128,corrosion,108,42,114,48
16_04_03.png,128,128,corrosion,117,52,123,59
16_04_03.png,128,128,corrosion,84,76,92,83
16_04_03.png,128,128,corrosion,3,56,11,65
16_04_04.png,128,128,corrosion,19,13,25,19
16_04_04.png,128,128,corrosion,42,6,47,11
16_04_04.png,128,128,corrosion,16,40,22,46
16_04_04.png,128,128,corrosion,58,7,65,14
16_04_04.png,128,128,corrosion,29,3,35,9
17_01_01.png,128,128,corrosion,112,111,122,122
17_01_01.png,128,128,corrosion,112,90,120,100
17_01_01.png,128,128,corrosion,92,119,102,128
17_01_01.png,128,128,corrosion,86,109,95,117
17_01_01.png,128,128,corrosion,37,106,44,113
17_01_01.png,128,128,corrosion,90,75,99,88
17_01_01.png,128,128,corrosion,108,72,115,79
17_01_01.png,128,128,corrosion,113,63,121,71
17_01_01.png,128,128,corrosion,118,49,125,55
17_01_01.png,128,128,corrosion,60,73,69,82
17_01_01.png,128,128,corrosion,19,104,30,114
17_01_01.png,128,128,corrosion,91,60,99,67
17_01_01.png,128,128,corrosion,106,51,113,58
17_01_01.png,128,128,corrosion,66,104,72,110
17_01_01.png,128,128,corrosion,65,120,69,125
17_01_01.png,128,128,corrosion,62,86,67,90
17_01_01.png,128,128,corrosion,82,90,87,94
17_01_01.png,128,128,corrosion,55,109,61,116
17_01_01.png,128,128,corrosion,62,98,68,103
17_01_02.png,128,128,corrosion,71,45,79,53
17_01_02.png,128,128,corrosion,98,22,106,29
17_01_02.png,128,128,corrosion,115,80,123,89
17_01_02.png,128,128,corrosion,92,97,104,108
17_01_02.png,128,128,corrosion,22,100,30,108
17_01_02.png,128,128,corrosion,28,45,36,52
17_01_02.png,128,128,corrosion,47,96,53,101
17_01_02.png,128,128,corrosion,51,42,55,47
17_01_02.png,128,128,corrosion,12,50,17,55
17_01_02.png,128,128,corrosion,99,40,109,49
17_01_02.png,128,128,corrosion,73,23,79,28
17_01_02.png,128,128,corrosion,58,22,68,31
17_01_02.png,128,128,corrosion,42,70,47,75
17_01_02.png,128,128,corrosion,1,72,11,84
17_01_02.png,128,128,corrosion,1,99,8,109
17_01_02.png,128,128,corrosion,115,119,127,128
17_01_02.png,128,128,corrosion,28,34,35,41
17_01_02.png,128,128,corrosion,7,93,14,99
17_01_02.png,128,128,corrosion,66,115,72,120
17_01_02.png,128,128,corrosion,97,4,105,10
17_01_02.png,128,128,corrosion,19,40,25,47
17_01_02.png,128,128,corrosion,87,7,93,13
17_01_02.png,128,128,corrosion,64,14,69,19
17_01_02.png,128,128,corrosion,47,23,57,32
17_01_02.png,128,128,corrosion,1,41,8,50
17_01_02.png,128,128,corrosion,112,50,116,56
17_01_02.png,128,128,corrosion,78,30,83,35
17_01_02.png,128,128,corrosion,78,7,84,12
17_01_02.png,128,128,corrosion,84,17,89,22
17_01_02.png,128,128,corrosion,12,34,19,40
17_01_02.png,128,128,corrosion,30,97,38,105
17_01_02.png,128,128,corrosion,36,39,43,46
17_01_02.png,128,128,corrosion,1,52,9,60
17_01_02.png,128,128,corrosion,68,67,73,72
17_01_02.png,128,128,corrosion,62,34,67,38
17_01_03.png,128,128,corrosion,84,12,93,22
17_01_03.png,128,128,corrosion,11,28,22,40
17_01_03.png,128,128,corrosion,15,49,25,59
17_01_03.png,128,128,corrosion,46,41,54,51
17_01_03.png,128,128,corrosion,30,28,42,39
17_01_03.png,128,128,corrosion,101,52,111,63
17_01_03.png,128,128,corrosion,83,75,91,84
17_01_03.png,128,128,corrosion,80,31,88,37
17_01_03.png,128,128,corrosion,20,3,28,11
17_01_03.png,128,128,corrosion,50,112,54,117
17_01_03.png,128,128,corrosion,93,119,101,126
17_01_03.png,128,128,corrosion,94,56,101,64
17_01_03.png,128,128,corrosion,71,19,76,25
17_01_03.png,128,128,corrosion,42,17,49,24
17_01_03.png,128,128,corrosion,113,15,117,22
17_01_03.png,128,128,corrosion,98,33,103,39
17_01_03.png,128,128,corrosion,21,62,29,69
17_01_03.png,128,128,corrosion,3,16,13,26
17_01_03.png,128,128,corrosion,122,117,128,127
17_01_03.png,128,128,corrosion,77,79,84,86
17_01_03.png,128,128,corrosion,46,55,53,63
17_01_03.png,128,128,corrosion,17,38,25,45
17_01_03.png,128,128,corrosion,74,93,79,98
17_01_03.png,128,128,corrosion,1,43,4,47
17_01_03.png,128,128,corrosion,40,45,45,51
17_01_03.png,128,128,corrosion,95,7,100,12
17_01_03.png,128,128,corrosion,32,8,36,12
17_01_04.png,128,128,corrosion,31,44,40,54
17_01_04.png,128,128,corrosion,68,58,76,66
17_01_04.png,128,128,corrosion,107,36,116,46
17_01_04.png,128,128,corrosion,89,32,96,39
17_01_04.png,128,128,corrosion,35,95,42,103
17_01_04.png,128,128,corrosion,1,119,8,127
17_01_04.png,128,128,corrosion,50,118,58,128
17_01_04.png,128,128,corrosion,100,9,105,15
17_01_04.png,128,128,corrosion,26,32,32,38
17_02_02.png,128,128,corrosion,95,78,102,86
17_02_02.png,128,128,corrosion,20,31,26,39
17_02_02.png,128,128,corrosion,3,12,14,20
17_02_02.png,128,128,corrosion,107,14,118,23
17_02_02.png,128,128,corrosion,23,103,33,112
17_02_02.png,128,128,corrosion,38,58,47,66
17_02_02.png,128,128,corrosion,1,66,10,74
17_02_02.png,128,128,corrosion,71,55,77,62
17_02_02.png,128,128,corrosion,95,2,103,10
17_02_02.png,128,128,corrosion,96,17,105,27
17_02_02.png,128,128,corrosion,33,8,40,16
17_02_02.png,128,128,corrosion,46,1,52,5
17_02_02.png,128,128,corrosion,27,93,32,99
17_02_02.png,128,128,corrosion,6,31,11,36
17_02_02.png,128,128,corrosion,65,34,71,40
17_02_02.png,128,128,corrosion,72,23,79,31
17_02_02.png,128,128,corrosion,1,57,7,63
17_02_02.png,128,128,corrosion,46,119,52,124
17_02_02.png,128,128,corrosion,94,48,99,54
17_02_03.png,128,128,corrosion,17,77,26,87
17_02_03.png,128,128,corrosion,4,51,12,60
17_02_03.png,128,128,corrosion,60,83,67,91
17_02_03.png,128,128,corrosion,71,75,81,84
17_02_03.png,128,128,corrosion,39,98,48,106
17_02_03.png,128,128,corrosion,26,100,33,108
17_02_03.png,128,128,corrosion,94,115,102,124
17_02_03.png,128,128,corrosion,104,68,112,76
17_02_03.png,128,128,corrosion,93,24,99,32
17_02_03.png,128,128,corrosion,93,4,102,12
17_02_03.png,128,128,corrosion,12,20,20,28
17_02_03.png,128,128,corrosion,24,2,31,9
17_02_03.png,128,128,corrosion,75,4,81,12
17_02_03.png,128,128,corrosion,120,101,128,110
17_02_03.png,128,128,corrosion,40,106,48,113
17_02_03.png,128,128,corrosion,76,109,80,116
17_02_04.png,128,128,corrosion,63,46,73,54
17_02_04.png,128,128,corrosion,32,71,40,80
17_02_04.png,128,128,corrosion,72,19,80,25
17_02_04.png,128,128,corrosion,24,3,30,9
17_02_04.png,128,128,corrosion,88,1,96,6
17_02_04.png,128,128,corrosion,96,1,103,6
17_02_04.png,128,128,corrosion,124,92,128,98
17_03_01.png,128,128,corrosion,86,41,94,50
17_03_01.png,128,128,corrosion,86,17,92,26
17_03_01.png,128,128,corrosion,96,36,104,45
17_03_01.png,128,128,corrosion,84,67,92,75
17_03_01.png,128,128,corrosion,94,76,102,86
17_03_01.png,128,128,corrosion,111,34,122,44
17_03_01.png,128,128,corrosion,96,1,105,11
17_03_01.png,128,128,corrosion,107,74,115,82
17_03_01.png,128,128,corrosion,60,19,66,25
17_03_01.png,128,128,corrosion,62,46,70,56
17_03_01.png,128,128,corrosion,48,4,54,12
17_03_02.png,128,128,corrosion,44,84,54,95
17_03_02.png,128,128,corrosion,58,44,67,53
17_03_02.png,128,128,corrosion,14,9,23,18
17_03_02.png,128,128,corrosion,86,10,96,19
17_03_02.png,128,128,corrosion,113,17,122,25
17_03_02.png,128,128,corrosion,48,18,55,25
17_03_02.png,128,128,corrosion,9,25,17,34
17_03_02.png,128,128,corrosion,1,109,12,122
17_03_02.png,128,128,corrosion,79,60,85,67
17_03_02.png,128,128,corrosion,26,30,34,37
17_03_02.png,128,128,corrosion,120,73,128,82
17_03_02.png,128,128,corrosion,63,70,69,77
17_03_02.png,128,128,corrosion,61,25,67,31
17_03_02.png,128,128,corrosion,36,21,41,26
17_03_02.png,128,128,corrosion,1,97,6,106
17_03_02.png,128,128,corrosion,35,79,39,85
17_03_02.png,128,128,corrosion,42,73,46,78
17_03_02.png,128,128,corrosion,64,100,70,106
17_03_03.png,128,128,corrosion,37,91,47,100
17_03_03.png,128,128,corrosion,80,91,87,98
17_03_03.png,128,128,corrosion,17,113,26,120
17_03_03.png,128,128,corrosion,81,36,90,45
17_03_03.png,128,128,corrosion,115,29,125,38
17_03_03.png,128,128,corrosion,93,118,105,128
17_03_03.png,128,128,corrosion,118,119,127,128
17_03_03.png,128,128,corrosion,1,77,6,86
17_03_04.png,128,128,corrosion,62,39,69,48
17_03_04.png,128,128,corrosion,71,78,79,85
17_03_04.png,128,128,corrosion,85,85,91,91
17_03_04.png,128,128,corrosion,1,16,9,22
17_03_04.png,128,128,corrosion,34,66,41,72
17_04_02.png,128,128,corrosion,48,25,55,33
17_04_02.png,128,128,corrosion,46,68,53,76
17_04_02.png,128,128,corrosion,43,47,50,56
17_04_02.png,128,128,corrosion,71,64,78,72
17_04_02.png,128,128,corrosion,95,66,102,73
17_04_02.png,128,128,corrosion,14,64,23,72
17_04_02.png,128,128,corrosion,5,28,13,35
17_04_02.png,128,128,corrosion,42,1,51,6
17_04_02.png,128,128,corrosion,103,95,110,103
17_04_02.png,128,128,corrosion,114,46,121,53
17_04_02.png,128,128,corrosion,7,10,13,17
17_04_02.png,128,128,corrosion,30,6,35,11
17_04_02.png,128,128,corrosion,52,93,61,102
17_04_02.png,128,128,corrosion,40,29,46,35
17_04_02.png,128,128,corrosion,44,38,50,44
17_04_02.png,128,128,corrosion,52,33,59,39
17_04_02.png,128,128,corrosion,95,59,102,65
17_04_02.png,128,128,corrosion,52,51,58,57
17_04_02.png,128,128,corrosion,78,41,83,46
17_04_02.png,128,128,corrosion,119,74,128,84
17_04_03.png,128,128,corrosion,14,24,22,34
17_04_03.png,128,128,corrosion,25,57,32,64
17_04_03.png,128,128,corrosion,24,7,33,15
17_04_03.png,128,128,corrosion,46,61,52,68
17_04_03.png,128,128,corrosion,47,43,54,51
17_04_03.png,128,128,corrosion,24,40,31,47
17_04_03.png,128,128,corrosion,85,14,92,20
17_04_03.png,128,128,corrosion,103,12,114,21
17_04_03.png,128,128,corrosion,35,10,42,16
17_04_03.png,128,128,corrosion,89,73,96,81
17_04_03.png,128,128,corrosion,64,71,71,77
17_04_03.png,128,128,corrosion,9,59,15,65
17_04_03.png,128,128,corrosion,35,101,41,109
17_04_03.png,128,128,corrosion,11,99,19,106
17_04_03.png,128,128,corrosion,51,72,59,79
17_04_03.png,128,128,corrosion,103,67,111,76
17_04_03.png,128,128,corrosion,117,59,127,69
17_04_03.png,128,128,corrosion,100,90,107,97
17_04_03.png,128,128,corrosion,41,89,48,95
17_04_03.png,128,128,corrosion,59,91,66,100
17_04_03.png,128,128,corrosion,74,90,81,97
17_04_03.png,128,128,corrosion,65,105,71,111
17_04_03.png,128,128,corrosion,30,119,36,125
17_04_03.png,128,128,corrosion,63,117,69,123
17_04_04.png,128,128,corrosion,7,39,15,47
17_04_04.png,128,128,corrosion,23,37,30,44
17_04_04.png,128,128,corrosion,21,89,29,100
17_04_04.png,128,128,corrosion,41,105,49,114
17_04_04.png,128,128,corrosion,83,41,90,48
18_01_01.png,128,128,corrosion,79,22,87,33
18_01_01.png,128,128,corrosion,8,98,16,106
18_01_01.png,128,128,corrosion,93,66,101,75
18_01_01.png,128,128,corrosion,98,3,110,12
18_01_01.png,128,128,corrosion,20,79,26,86
18_01_01.png,128,128,corrosion,6,1,14,7
18_01_01.png,128,128,corrosion,93,81,102,89
18_01_01.png,128,128,corrosion,73,82,80,90
18_01_01.png,128,128,corrosion,10,71,18,79
18_01_01.png,128,128,corrosion,95,102,102,109
18_01_01.png,128,128,corrosion,123,68,128,75
18_01_01.png,128,128,corrosion,46,60,51,66
18_01_01.png,128,128,corrosion,3,91,10,99
18_01_01.png,128,128,corrosion,75,52,80,57
18_01_02.png,128,128,corrosion,71,5,80,13
18_01_02.png,128,128,corrosion,1,68,10,77
18_01_02.png,128,128,corrosion,38,43,46,52
18_01_02.png,128,128,corrosion,98,73,106,81
18_01_02.png,128,128,corrosion,105,72,114,82
18_01_02.png,128,128,corrosion,56,67,63,74
18_01_02.png,128,128,corrosion,82,95,90,103
18_01_02.png,128,128,corrosion,28,79,34,85
18_01_02.png,128,128,corrosion,2,88,8,95
18_01_02.png,128,128,corrosion,56,28,60,32
18_01_03.png,128,128,corrosion,73,92,91,109
18_01_03.png,128,128,corrosion,28,34,36,43
18_01_03.png,128,128,corrosion,11,103,19,112
18_01_03.png,128,128,corrosion,26,95,35,105
18_01_03.png,128,128,corrosion,78,64,85,71
18_01_03.png,128,128,corrosion,106,84,111,91
18_01_03.png,128,128,corrosion,10,16,19,24
18_01_03.png,128,128,corrosion,104,31,113,40
18_01_03.png,128,128,corrosion,52,4,61,13
18_01_03.png,128,128,corrosion,43,45,53,56
18_01_03.png,128,128,corrosion,42,35,49,42
18_01_03.png,128,128,corrosion,28,13,37,22
18_01_03.png,128,128,corrosion,44,16,51,25
18_01_03.png,128,128,corrosion,70,10,78,18
18_01_03.png,128,128,corrosion,50,32,58,40
18_01_03.png,128,128,corrosion,93,52,99,59
18_01_03.png,128,128,corrosion,99,59,104,65
18_01_04.png,128,128,corrosion,1,70,7,78
18_01_04.png,128,128,corrosion,8,42,19,54
18_01_04.png,128,128,corrosion,39,117,51,128
18_01_04.png,128,128,corrosion,22,68,28,74
18_02_01.png,128,128,corrosion,16,28,25,37
18_02_01.png,128,128,corrosion,61,32,70,41
18_02_01.png,128,128,corrosion,74,23,83,34
18_02_01.png,128,128,corrosion,110,19,118,26
18_02_01.png,128,128,corrosion,40,48,50,57
18_02_01.png,128,128,corrosion,28,52,34,58
18_02_01.png,128,128,corrosion,79,59,86,66
18_02_01.png,128,128,corrosion,1,2,9,8
18_02_01.png,128,128,corrosion,89,116,98,124
18_02_01.png,128,128,corrosion,100,65,108,75
18_02_01.png,128,128,corrosion,43,39,50,46
18_02_01.png,128,128,corrosion,43,55,51,63
18_02_04.png,128,128,corrosion,26,104,33,112
18_02_04.png,128,128,corrosion,5,103,13,111
18_02_04.png,128,128,corrosion,19,74,28,83
18_02_04.png,128,128,corrosion,27,47,34,57
18_02_04.png,128,128,corrosion,37,29,44,37
18_02_04.png,128,128,corrosion,49,5,59,19
18_02_04.png,128,128,corrosion,46,105,53,112
18_02_04.png,128,128,corrosion,56,71,63,79
18_02_04.png,128,128,corrosion,62,46,73,57
18_02_04.png,128,128,corrosion,90,112,98,121
18_02_04.png,128,128,corrosion,74,120,83,127
18_02_04.png,128,128,corrosion,54,25,61,33
18_03_01.png,128,128,corrosion,44,44,55,52
18_03_01.png,128,128,corrosion,1,30,12,40
18_03_01.png,128,128,corrosion,24,66,33,74
18_03_01.png,128,128,corrosion,2,75,9,83
18_03_01.png,128,128,corrosion,34,88,43,97
18_03_01.png,128,128,corrosion,22,106,32,116
18_03_01.png,128,128,corrosion,89,43,98,52
18_03_01.png,128,128,corrosion,107,71,115,81
18_03_01.png,128,128,corrosion,96,94,106,103
18_03_01.png,128,128,corrosion,118,93,128,104
18_03_01.png,128,128,corrosion,44,92,54,99
18_03_01.png,128,128,corrosion,42,121,51,128
18_03_02.png,128,128,corrosion,46,16,56,25
18_03_02.png,128,128,corrosion,5,74,13,81
18_03_02.png,128,128,corrosion,25,122,33,128
18_03_02.png,128,128,corrosion,89,29,97,38
18_03_02.png,128,128,corrosion,104,38,110,46
18_03_02.png,128,128,corrosion,16,117,23,124
18_03_04.png,128,128,corrosion,4,60,14,70
18_03_04.png,128,128,corrosion,22,52,30,60
18_03_04.png,128,128,corrosion,18,85,27,93
18_03_04.png,128,128,corrosion,71,84,80,93
18_03_04.png,128,128,corrosion,82,47,94,60
18_03_04.png,128,128,corrosion,66,24,75,33
18_03_04.png,128,128,corrosion,108,61,117,71
18_03_04.png,128,128,corrosion,103,38,112,47
18_03_04.png,128,128,corrosion,103,19,110,28
18_03_04.png,128,128,corrosion,112,21,118,30
18_03_04.png,128,128,corrosion,108,79,121,92
18_03_04.png,128,128,corrosion,80,107,89,115
18_03_04.png,128,128,corrosion,61,97,68,105
18_03_04.png,128,128,corrosion,38,103,44,107
18_03_04.png,128,128,corrosion,109,108,121,119
18_04_01.png,128,128,corrosion,22,84,29,92
18_04_01.png,128,128,corrosion,2,32,10,40
18_04_01.png,128,128,corrosion,80,88,88,96
18_04_01.png,128,128,corrosion,79,72,86,79
18_04_01.png,128,128,corrosion,49,58,57,64
18_04_01.png,128,128,corrosion,24,56,32,63
18_04_01.png,128,128,corrosion,32,108,45,116
18_04_01.png,128,128,corrosion,59,17,65,23
18_04_01.png,128,128,corrosion,19,14,26,21
18_04_01.png,128,128,corrosion,6,7,14,20
18_04_01.png,128,128,corrosion,114,88,123,98
18_04_01.png,128,128,corrosion,107,115,113,121
18_04_01.png,128,128,corrosion,72,46,82,56
18_04_01.png,128,128,corrosion,114,52,121,59
18_04_01.png,128,128,corrosion,11,88,18,95
18_04_01.png,128,128,corrosion,45,75,51,81
18_04_01.png,128,128,corrosion,31,84,38,91
18_04_01.png,128,128,corrosion,51,87,57,93
18_04_01.png,128,128,corrosion,64,27,73,35
18_04_01.png,128,128,corrosion,36,13,44,19
18_04_01.png,128,128,corrosion,64,94,71,100
18_04_01.png,128,128,corrosion,78,25,88,33
18_04_01.png,128,128,corrosion,3,47,11,55
18_04_01.png,128,128,corrosion,105,29,112,36
18_04_01.png,128,128,corrosion,59,1,68,5
18_04_01.png,128,128,corrosion,40,120,49,128
18_04_01.png,128,128,corrosion,90,45,97,52
18_04_01.png,128,128,corrosion,56,44,63,51
18_04_01.png,128,128,corrosion,119,22,128,31
18_04_01.png,128,128,corrosion,81,61,88,67
18_04_01.png,128,128,corrosion,33,53,40,60
18_04_01.png,128,128,corrosion,28,62,34,71
18_04_01.png,128,128,corrosion,69,37,77,44
19_01_01.png,128,128,corrosion,67,35,76,46
19_01_01.png,128,128,corrosion,85,80,94,89
19_01_01.png,128,128,corrosion,88,20,96,28
19_01_01.png,128,128,corrosion,18,65,26,73
19_01_01.png,128,128,corrosion,69,70,79,78
19_01_01.png,128,128,corrosion,91,59,100,67
19_01_01.png,128,128,corrosion,117,88,126,96
19_01_01.png,128,128,corrosion,71,85,81,93
19_01_01.png,128,128,corrosion,1,38,9,45
19_01_01.png,128,128,corrosion,5,76,14,83
19_01_01.png,128,128,corrosion,111,118,119,127
19_01_01.png,128,128,corrosion,39,60,45,67
19_01_01.png,128,128,corrosion,40,53,45,59
19_01_01.png,128,128,corrosion,82,71,88,78
19_01_01.png,128,128,corrosion,19,34,25,40
19_01_01.png,128,128,corrosion,47,91,54,98
19_01_01.png,128,128,corrosion,97,104,103,111
19_01_01.png,128,128,corrosion,112,80,120,88
19_01_02.png,128,128,corrosion,61,12,70,21
19_01_02.png,128,128,corrosion,74,70,84,79
19_01_02.png,128,128,corrosion,53,71,62,79
19_01_02.png,128,128,corrosion,104,57,111,65
19_01_02.png,128,128,corrosion,111,57,118,66
19_01_02.png,128,128,corrosion,76,92,82,98
19_01_02.png,128,128,corrosion,1,68,9,76
19_01_02.png,128,128,corrosion,74,57,82,65
19_01_02.png,128,128,corrosion,109,77,116,84
19_01_03.png,128,128,corrosion,18,33,25,41
19_01_03.png,128,128,corrosion,76,63,83,72
19_01_03.png,128,128,corrosion,83,62,91,71
19_01_03.png,128,128,corrosion,35,56,42,64
19_01_03.png,128,128,corrosion,53,112,61,122
19_01_03.png,128,128,corrosion,116,93,124,102
19_01_03.png,128,128,corrosion,116,5,124,14
19_01_03.png,128,128,corrosion,61,86,68,92
19_01_04.png,128,128,corrosion,19,36,28,46
19_01_04.png,128,128,corrosion,49,80,66,100
19_01_04.png,128,128,corrosion,4,87,11,95
19_01_04.png,128,128,corrosion,54,55,60,61
19_01_04.png,128,128,corrosion,99,60,106,68
19_01_04.png,128,128,corrosion,46,2,52,8
19_01_04.png,128,128,corrosion,95,79,101,87
19_01_04.png,128,128,corrosion,19,7,28,15
19_01_04.png,128,128,corrosion,80,23,88,34
19_01_04.png,128,128,corrosion,26,23,34,29
19_01_04.png,128,128,corrosion,6,26,13,33
19_01_04.png,128,128,corrosion,20,26,25,32
19_01_04.png,128,128,corrosion,67,43,73,50
19_01_04.png,128,128,corrosion,73,50,78,56
19_01_04.png,128,128,corrosion,78,74,85,82
19_01_04.png,128,128,corrosion,116,73,125,83
19_02_01.png,128,128,corrosion,73,17,81,27
19_02_01.png,128,128,corrosion,66,80,76,88
19_02_01.png,128,128,corrosion,38,113,47,123
19_02_01.png,128,128,corrosion,27,88,33,94
19_02_01.png,128,128,corrosion,1,43,8,53
19_02_01.png,128,128,corrosion,95,87,104,95
19_02_01.png,128,128,corrosion,12,1,22,7
19_02_01.png,128,128,corrosion,41,95,46,101
19_02_01.png,128,128,corrosion,106,92,112,98
19_02_01.png,128,128,corrosion,22,61,29,66
19_02_02.png,128,128,corrosion,54,15,63,24
19_02_02.png,128,128,corrosion,22,39,30,46
19_02_02.png,128,128,corrosion,42,24,50,30
19_02_02.png,128,128,corrosion,90,10,97,17
19_02_02.png,128,128,corrosion,107,43,114,50
19_02_02.png,128,128,corrosion,68,106,77,115
19_02_02.png,128,128,corrosion,79,58,88,65
19_02_02.png,128,128,corrosion,1,17,6,27
19_02_02.png,128,128,corrosion,104,100,113,108
19_02_02.png,128,128,corrosion,9,41,15,48
19_02_02.png,128,128,corrosion,119,87,126,93
19_02_02.png,128,128,corrosion,24,46,32,53
19_02_02.png,128,128,corrosion,25,29,31,35
19_02_02.png,128,128,corrosion,59,49,67,57
19_02_03.png,128,128,corrosion,20,11,29,19
19_02_03.png,128,128,corrosion,115,31,124,40
19_02_03.png,128,128,corrosion,52,109,61,119
19_03_01.png,128,128,corrosion,25,26,36,37
19_03_01.png,128,128,corrosion,24,70,34,79
19_03_01.png,128,128,corrosion,32,97,39,105
19_03_01.png,128,128,corrosion,110,20,118,28
19_03_01.png,128,128,corrosion,105,15,112,23
19_03_01.png,128,128,corrosion,28,119,34,127
19_03_01.png,128,128,corrosion,35,105,44,112
19_03_01.png,128,128,corrosion,39,74,45,79
19_03_01.png,128,128,corrosion,44,14,51,19
19_03_01.png,128,128,corrosion,110,65,117,72
19_03_01.png,128,128,corrosion,12,78,18,84
19_03_01.png,128,128,corrosion,48,44,53,49
19_03_01.png,128,128,corrosion,101,119,108,125
19_03_01.png,128,128,corrosion,14,36,19,42
19_03_01.png,128,128,corrosion,22,16,28,23
19_03_01.png,128,128,corrosion,61,3,67,7
19_03_02.png,128,128,corrosion,24,34,35,44
19_03_02.png,128,128,corrosion,4,55,13,64
19_03_02.png,128,128,corrosion,13,78,21,87
19_03_02.png,128,128,corrosion,1,96,9,105
19_03_02.png,128,128,corrosion,67,34,76,41
19_03_02.png,128,128,corrosion,36,115,44,123
19_03_02.png,128,128,corrosion,73,84,83,93
19_03_02.png,128,128,corrosion,94,82,105,93
19_03_02.png,128,128,corrosion,84,62,92,70
19_03_02.png,128,128,corrosion,109,62,118,71
19_03_02.png,128,128,corrosion,13,114,19,120
19_03_02.png,128,128,corrosion,24,82,30,88
19_03_03.png,128,128,corrosion,23,8,31,16
19_03_03.png,128,128,corrosion,65,21,71,27
19_03_03.png,128,128,corrosion,78,29,85,36
19_03_03.png,128,128,corrosion,1,111,8,120
19_03_03.png,128,128,corrosion,16,110,24,116
19_03_03.png,128,128,corrosion,80,114,87,122
19_03_04.png,128,128,corrosion,17,31,23,38
19_03_04.png,128,128,corrosion,25,25,33,32
19_03_04.png,128,128,corrosion,66,33,74,40
19_03_04.png,128,128,corrosion,53,49,61,55
19_03_04.png,128,128,corrosion,69,107,79,117
19_03_04.png,128,128,corrosion,103,50,112,59
19_03_04.png,128,128,corrosion,122,42,128,50
19_03_04.png,128,128,corrosion,117,76,125,84
19_04_02.png,128,128,corrosion,81,20,88,27
19_04_02.png,128,128,corrosion,32,34,38,40
19_04_02.png,128,128,corrosion,26,48,33,55
19_04_02.png,128,128,corrosion,10,44,16,50
19_04_02.png,128,128,corrosion,56,15,63,22
19_04_02.png,128,128,corrosion,96,13,104,22
19_04_02.png,128,128,corrosion,92,36,99,43
19_04_02.png,128,128,corrosion,55,63,62,70
19_04_02.png,128,128,corrosion,55,77,63,85
19_04_02.png,128,128,corrosion,6,97,20,108
19_04_02.png,128,128,corrosion,7,74,15,81
19_04_02.png,128,128,corrosion,20,64,27,70
19_04_02.png,128,128,corrosion,14,3,21,10
19_04_02.png,128,128,corrosion,35,6,43,13
19_04_02.png,128,128,corrosion,90,79,99,87
19_04_02.png,128,128,corrosion,32,91,39,99
19_04_02.png,128,128,corrosion,46,36,57,45
19_04_02.png,128,128,corrosion,23,117,32,126
19_04_02.png,128,128,corrosion,82,104,88,111
19_04_02.png,128,128,corrosion,57,51,62,57
19_04_02.png,128,128,corrosion,65,36,73,42
19_04_02.png,128,128,corrosion,110,4,119,12
19_04_03.png,128,128,corrosion,15,34,22,40
19_04_03.png,128,128,corrosion,17,40,24,47
19_04_03.png,128,128,corrosion,38,51,47,60
19_04_03.png,128,128,corrosion,45,84,52,92
19_04_03.png,128,128,corrosion,5,113,12,121
19_04_03.png,128,128,corrosion,105,87,113,96
19_04_03.png,128,128,corrosion,29,115,36,123
19_04_03.png,128,128,corrosion,41,115,47,122
19_04_04.png,128,128,corrosion,25,49,33,59
19_04_04.png,128,128,corrosion,9,35,18,44
19_04_04.png,128,128,corrosion,9,58,18,69
19_04_04.png,128,128,corrosion,83,60,92,68
19_04_04.png,128,128,corrosion,28,76,35,85
19_04_04.png,128,128,corrosion,87,70,97,79
19_04_04.png,128,128,corrosion,121,88,128,97
19_04_04.png,128,128,corrosion,88,92,97,102
19_04_04.png,128,128,corrosion,73,88,79,93
1_01_01.png,128,128,corrosion,84,84,92,90
1_01_01.png,128,128,corrosion,50,37,59,52
1_01_01.png,128,128,corrosion,93,63,98,68
1_01_02.png,128,128,corrosion,42,53,50,60
1_01_02.png,128,128,corrosion,69,96,74,100
1_01_02.png,128,128,corrosion,101,1,115,13
1_01_02.png,128,128,corrosion,120,49,125,55
2_03_04.png,128,128,corrosion,70,16,77,22
2_03_04.png,128,128,corrosion,40,35,47,41
2_03_04.png,128,128,corrosion,109,13,114,20
3_01_03.png,128,128,corrosion,6,50,12,57
3_01_03.png,128,128,corrosion,63,44,74,54
3_01_03.png,128,128,corrosion,59,17,67,25
3_01_03.png,128,128,corrosion,100,59,109,65
3_01_03.png,128,128,corrosion,68,94,73,100
3_01_03.png,128,128,corrosion,114,13,118,18
3_01_03.png,128,128,corrosion,88,1,93,6
3_01_03.png,128,128,corrosion,114,33,117,36
3_02_04.png,128,128,corrosion,45,21,50,26
3_02_04.png,128,128,corrosion,3,10,8,15
3_02_04.png,128,128,corrosion,42,12,46,16
3_02_04.png,128,128,corrosion,32,14,35,18
3_02_04.png,128,128,corrosion,68,1,76,9
3_02_04.png,128,128,corrosion,79,12,84,15
3_02_04.png,128,128,corrosion,80,21,84,26
3_04_03.png,128,128,corrosion,104,20,123,40
3_04_04.png,128,128,corrosion,102,77,107,82
4_01_02.png,128,128,corrosion,23,47,33,54
4_01_02.png,128,128,corrosion,40,117,49,125
4_01_02.png,128,128,corrosion,53,105,58,112
4_01_02.png,128,128,corrosion,98,17,128,61
4_01_02.png,128,128,corrosion,121,97,128,103
4_01_02.png,128,128,corrosion,49,18,54,22
4_01_02.png,128,128,corrosion,35,34,42,39
4_01_02.png,128,128,corrosion,20,9,24,14
4_01_02.png,128,128,corrosion,75,84,80,89
4_01_02.png,128,128,corrosion,26,115,31,120
4_01_02.png,128,128,corrosion,22,27,29,32
4_01_02.png,128,128,corrosion,72,61,77,66
4_01_03.png,128,128,corrosion,1,1,58,67
4_01_03.png,128,128,corrosion,46,66,52,72
4_02_01.png,128,128,corrosion,26,27,30,31
4_02_01.png,128,128,corrosion,9,45,16,52
4_02_01.png,128,128,corrosion,8,97,27,115
4_02_01.png,128,128,corrosion,60,96,72,114
4_02_01.png,128,128,corrosion,50,11,55,16
4_02_01.png,128,128,corrosion,116,41,121,47
4_02_01.png,128,128,corrosion,105,104,111,109
4_02_01.png,128,128,corrosion,121,78,127,85
4_02_01.png,128,128,corrosion,53,36,63,43
4_02_01.png,128,128,corrosion,70,36,78,41
4_02_01.png,128,128,corrosion,28,49,35,56
4_02_01.png,128,128,corrosion,30,87,36,92
4_02_01.png,128,128,corrosion,119,2,124,6
5_01_01.png,128,128,corrosion,19,94,27,101
5_01_01.png,128,128,corrosion,71,75,77,81
5_01_01.png,128,128,corrosion,19,111,26,118
5_01_01.png,128,128,corrosion,25,113,31,120
5_01_01.png,128,128,corrosion,46,114,54,119
5_01_01.png,128,128,corrosion,63,101,73,110
5_01_01.png,128,128,corrosion,69,109,76,115
5_01_01.png,128,128,corrosion,65,121,75,128
5_01_01.png,128,128,corrosion,80,99,88,108
5_01_01.png,128,128,corrosion,87,104,94,109
5_01_01.png,128,128,corrosion,97,112,105,119
5_01_01.png,128,128,corrosion,91,115,96,120
5_01_01.png,128,128,corrosion,7,78,14,85
5_01_01.png,128,128,corrosion,18,76,25,81
5_01_01.png,128,128,corrosion,94,89,99,94
5_01_01.png,128,128,corrosion,43,86,49,91
5_01_01.png,128,128,corrosion,90,50,95,55
5_01_01.png,128,128,corrosion,97,44,102,48
5_01_01.png,128,128,corrosion,55,69,61,73
5_01_01.png,128,128,corrosion,121,37,126,42
5_01_01.png,128,128,corrosion,75,54,79,58
5_01_01.png,128,128,corrosion,116,24,121,28
5_01_01.png,128,128,corrosion,71,48,76,52
5_01_01.png,128,128,corrosion,81,34,89,41
5_01_01.png,128,128,corrosion,28,68,37,77
5_01_01.png,128,128,corrosion,44,64,52,69
5_01_01.png,128,128,corrosion,28,83,33,87
5_01_01.png,128,128,corrosion,4,102,8,107
5_01_01.png,128,128,corrosion,4,90,9,94
5_01_01.png,128,128,corrosion,53,89,64,96
5_01_01.png,128,128,corrosion,40,57,48,62
5_01_01.png,128,128,corrosion,64,42,69,45
5_01_01.png,128,128,corrosion,115,72,118,75
5_01_01.png,128,128,corrosion,106,26,110,31
5_01_02.png,128,128,corrosion,11,41,19,49
5_01_02.png,128,128,corrosion,8,83,19,93
5_01_02.png,128,128,corrosion,5,101,13,108
5_01_02.png,128,128,corrosion,88,115,96,123
5_01_02.png,128,128,corrosion,78,47,89,55
5_01_02.png,128,128,corrosion,108,25,118,34
5_01_02.png,128,128,corrosion,75,21,80,26
5_01_02.png,128,128,corrosion,43,39,49,45
5_01_02.png,128,128,corrosion,38,85,44,91
5_01_02.png,128,128,corrosion,121,54,127,59
5_01_02.png,128,128,corrosion,9,23,16,28
5_01_02.png,128,128,corrosion,50,84,58,90
5_01_02.png,128,128,corrosion,25,50,32,55
5_01_02.png,128,128,corrosion,115,68,122,74
5_01_02.png,128,128,corrosion,85,26,95,34
5_01_02.png,128,128,corrosion,28,23,32,26
5_01_02.png,128,128,corrosion,49,74,54,78
5_01_02.png,128,128,corrosion,34,64,40,68
5_01_02.png,128,128,corrosion,20,77,25,81
5_01_02.png,128,128,corrosion,17,102,23,105
5_01_02.png,128,128,corrosion,66,12,73,18
5_01_02.png,128,128,corrosion,47,14,51,17
5_01_02.png,128,128,corrosion,57,20,65,26
5_01_02.png,128,128,corrosion,107,100,112,105
5_01_02.png,128,128,corrosion,95,13,101,19
5_01_02.png,128,128,corrosion,27,13,31,17
5_01_02.png,128,128,corrosion,97,5,102,8
5_01_02.png,128,128,corrosion,67,3,76,7
5_01_04.png,128,128,corrosion,84,9,89,14
5_01_04.png,128,128,corrosion,10,62,22,71
5_01_04.png,128,128,corrosion,1,66,8,75
5_01_04.png,128,128,corrosion,13,76,24,84
5_01_04.png,128,128,corrosion,66,80,73,85
5_01_04.png,128,128,corrosion,33,86,38,90
5_02_01.png,128,128,corrosion,14,39,24,48
5_02_01.png,128,128,corrosion,36,24,44,31
5_02_01.png,128,128,corrosion,16,73,24,80
5_02_01.png,128,128,corrosion,23,66,28,72
5_02_01.png,128,128,corrosion,38,62,46,69
5_02_01.png,128,128,corrosion,17,88,27,95
5_02_01.png,128,128,corrosion,3,73,7,77
5_02_01.png,128,128,corrosion,67,65,72,69
5_02_01.png,128,128,corrosion,60,83,66,89
5_02_01.png,128,128,corrosion,31,84,40,91
5_02_01.png,128,128,corrosion,77,71,83,78
5_02_01.png,128,128,corrosion,34,4,39,8
5_02_01.png,128,128,corrosion,72,5,79,10
5_02_01.png,128,128,corrosion,64,91,72,97
5_02_01.png,128,128,corrosion,56,119,63,127
5_02_01.png,128,128,corrosion,42,108,48,112
5_02_01.png,128,128,corrosion,44,34,50,37
5_02_01.png,128,128,corrosion,103,54,108,58
5_02_01.png,128,128,corrosion,28,76,34,81
5_02_01.png,128,128,corrosion,29,48,33,53
5_02_01.png,128,128,corrosion,40,43,45,48
5_02_01.png,128,128,corrosion,50,45,57,49
5_02_01.png,128,128,corrosion,32,34,38,39
5_02_02.png,128,128,corrosion,9,17,17,24
5_02_02.png,128,128,corrosion,19,1,27,6
5_02_02.png,128,128,corrosion,28,1,36,6
5_02_02.png,128,128,corrosion,65,10,69,16
5_02_02.png,128,128,corrosion,21,61,27,67
5_02_02.png,128,128,corrosion,20,73,29,81
5_02_02.png,128,128,corrosion,50,61,57,67
5_02_02.png,128,128,corrosion,93,38,99,44
5_02_02.png,128,128,corrosion,1,76,7,80
5_02_02.png,128,128,corrosion,21,95,27,99
5_02_02.png,128,128,corrosion,109,62,116,68
5_02_02.png,128,128,corrosion,56,61,64,69
5_02_02.png,128,128,corrosion,56,82,62,86
5_02_02.png,128,128,corrosion,81,73,87,78
5_02_02.png,128,128,corrosion,75,21,80,25
5_02_02.png,128,128,corrosion,109,22,115,26
5_02_02.png,128,128,corrosion,3,45,8,49
5_02_02.png,128,128,corrosion,4,22,10,28
5_02_02.png,128,128,corrosion,72,44,76,48
5_02_02.png,128,128,corrosion,27,115,32,119
5_02_02.png,128,128,corrosion,9,58,14,63
5_02_03.png,128,128,corrosion,20,66,28,74
5_02_03.png,128,128,corrosion,27,65,37,74
5_02_03.png,128,128,corrosion,5,88,13,95
5_02_03.png,128,128,corrosion,1,115,4,123
5_02_03.png,128,128,corrosion,59,96,67,103
5_02_03.png,128,128,corrosion,75,89,83,96
5_02_03.png,128,128,corrosion,120,88,128,99
5_02_03.png,128,128,corrosion,92,39,101,47
5_02_03.png,128,128,corrosion,1,1,7,8
5_02_03.png,128,128,corrosion,62,11,70,18
5_02_03.png,128,128,corrosion,79,29,87,36
5_02_03.png,128,128,corrosion,80,8,86,14
5_02_03.png,128,128,corrosion,95,12,102,18
5_02_03.png,128,128,corrosion,93,30,98,35
5_02_03.png,128,128,corrosion,104,1,112,6
5_02_03.png,128,128,corrosion,119,5,127,11
5_02_03.png,128,128,corrosion,117,26,126,33
5_02_03.png,128,128,corrosion,101,27,107,33
5_02_03.png,128,128,corrosion,107,33,112,38
5_03_01.png,128,128,corrosion,17,18,26,26
5_03_01.png,128,128,corrosion,11,78,19,86
5_03_01.png,128,128,corrosion,39,85,46,92
5_03_01.png,128,128,corrosion,49,91,54,96
5_03_01.png,128,128,corrosion,62,106,67,109
5_03_01.png,128,128,corrosion,69,18,79,26
5_03_01.png,128,128,corrosion,80,41,87,47
5_03_01.png,128,128,corrosion,114,22,122,30
5_03_01.png,128,128,corrosion,96,28,103,35
5_03_01.png,128,128,corrosion,93,37,103,46
5_03_01.png,128,128,corrosion,96,45,103,52
5_03_01.png,128,128,corrosion,61,7,66,11
5_03_02.png,128,128,corrosion,11,104,19,111
5_03_02.png,128,128,corrosion,45,97,55,104
5_03_02.png,128,128,corrosion,22,56,30,62
5_03_02.png,128,128,corrosion,1,15,8,22
5_03_02.png,128,128,corrosion,34,10,41,16
5_03_02.png,128,128,corrosion,3,48,9,55
5_03_02.png,128,128,corrosion,49,41,57,48
5_03_02.png,128,128,corrosion,92,11,100,18
5_03_02.png,128,128,corrosion,60,83,67,89
5_03_02.png,128,128,corrosion,47,24,52,29
5_03_02.png,128,128,corrosion,122,106,128,112
5_03_03.png,128,128,corrosion,58,31,65,38
5_03_03.png,128,128,corrosion,73,55,84,64
5_03_03.png,128,128,corrosion,86,73,93,81
5_03_03.png,128,128,corrosion,122,42,128,48
5_03_03.png,128,128,corrosion,69,1,77,7
5_03_03.png,128,128,corrosion,10,79,17,85
5_03_03.png,128,128,corrosion,92,110,97,115
5_03_04.png,128,128,corrosion,7,64,14,70
5_03_04.png,128,128,corrosion,28,61,36,68
5_03_04.png,128,128,corrosion,36,37,43,43
5_03_04.png,128,128,corrosion,28,39,33,44
5_03_04.png,128,128,corrosion,12,107,18,112
5_03_04.png,128,128,corrosion,5,119,12,126
5_03_04.png,128,128,corrosion,46,90,54,96
5_03_04.png,128,128,corrosion,61,63,70,70
5_03_04.png,128,128,corrosion,66,92,73,98
5_03_04.png,128,128,corrosion,68,36,77,44
5_03_04.png,128,128,corrosion,81,91,87,97
5_03_04.png,128,128,corrosion,86,91,92,98
5_03_04.png,128,128,corrosion,111,107,121,115
5_03_04.png,128,128,corrosion,79,21,86,26
5_03_04.png,128,128,corrosion,96,59,104,66
5_03_04.png,128,128,corrosion,87,101,93,107
5_03_04.png,128,128,corrosion,121,26,128,32
5_03_04.png,128,128,corrosion,95,14,103,22
5_03_04.png,128,128,corrosion,104,35,114,44
5_03_04.png,128,128,corrosion,116,75,122,81
5_03_04.png,128,128,corrosion,61,44,68,51
5_04_01.png,128,128,corrosion,45,12,53,20
5_04_01.png,128,128,corrosion,4,1,10,5
5_04_01.png,128,128,corrosion,94,30,103,38
5_04_01.png,128,128,corrosion,52,18,60,24
5_04_01.png,128,128,corrosion,51,60,58,66
5_04_01.png,128,128,corrosion,74,51,81,57
5_04_01.png,128,128,corrosion,83,72,90,80
5_04_01.png,128,128,corrosion,70,90,78,97
5_04_01.png,128,128,corrosion,53,116,60,123
5_04_01.png,128,128,corrosion,42,112,49,117
5_04_01.png,128,128,corrosion,105,108,112,115
5_04_01.png,128,128,corrosion,82,106,88,113
5_04_01.png,128,128,corrosion,83,122,90,128
5_04_01.png,128,128,corrosion,77,121,82,127
5_04_01.png,128,128,corrosion,92,76,99,82
5_04_01.png,128,128,corrosion,90,105,95,110
5_04_01.png,128,128,corrosion,58,96,62,101
5_04_01.png,128,128,corrosion,51,27,57,32
5_04_02.png,128,128,corrosion,9,29,16,37
5_04_02.png,128,128,corrosion,15,79,22,86
5_04_02.png,128,128,corrosion,25,56,32,64
5_04_02.png,128,128,corrosion,50,58,58,64
5_04_02.png,128,128,corrosion,35,78,45,86
5_04_02.png,128,128,corrosion,60,100,66,105
5_04_02.png,128,128,corrosion,93,5,100,11
5_04_02.png,128,128,corrosion,84,102,91,107
5_04_02.png,128,128,corrosion,49,120,57,125
5_04_02.png,128,128,corrosion,68,105,75,112
5_04_03.png,128,128,corrosion,5,16,13,23
5_04_03.png,128,128,corrosion,19,24,26,30
5_04_03.png,128,128,corrosion,85,26,92,33
5_04_03.png,128,128,corrosion,93,19,101,26
5_04_04.png,128,128,corrosion,6,27,14,34
5_04_04.png,128,128,corrosion,8,98,19,109
5_04_04.png,128,128,corrosion,43,45,52,52
5_04_04.png,128,128,corrosion,56,68,64,76
5_04_04.png,128,128,corrosion,61,37,68,43
5_04_04.png,128,128,corrosion,119,34,128,43
5_04_04.png,128,128,corrosion,107,67,115,75
5_04_04.png,128,128,corrosion,96,78,105,86
5_04_04.png,128,128,corrosion,116,88,124,96
5_04_04.png,128,128,corrosion,104,9,112,16
5_04_04.png,128,128,corrosion,69,93,75,98
6_01_03.png,128,128,corrosion,43,25,49,30
6_01_04.png,128,128,corrosion,108,60,116,68
6_01_04.png,128,128,corrosion,94,40,101,46
6_01_04.png,128,128,corrosion,55,56,61,61
6_03_02.png,128,128,corrosion,1,33,8,51
7_01_01.png,128,128,corrosion,42,88,51,96
7_01_01.png,128,128,corrosion,50,50,60,59
7_01_01.png,128,128,corrosion,23,68,30,74
7_01_01.png,128,128,corrosion,67,56,72,61
7_01_02.png,128,128,corrosion,28,1,128,55
7_02_02.png,128,128,corrosion,27,33,40,42
7_02_02.png,128,128,corrosion,66,106,76,114
7_02_02.png,128,128,corrosion,1,11,8,18
7_02_02.png,128,128,corrosion,75,22,82,29
7_02_02.png,128,128,corrosion,68,20,74,27
7_03_02.png,128,128,corrosion,82,85,91,97
7_03_02.png,128,128,corrosion,113,73,119,80
7_03_02.png,128,128,corrosion,115,80,122,88
7_03_04.png,128,128,corrosion,47,18,58,30
7_03_04.png,128,128,corrosion,55,1,68,11
7_03_04.png,128,128,corrosion,117,37,123,44
7_04_03.png,128,128,corrosion,21,90,31,101
8_01_01.png,128,128,corrosion,7,96,11,100
8_01_01.png,128,128,corrosion,30,71,37,78
8_01_01.png,128,128,corrosion,97,40,104,47
8_01_01.png,128,128,corrosion,102,96,108,103
8_01_01.png,128,128,corrosion,66,64,72,70
8_01_01.png,128,128,corrosion,119,44,128,51
8_01_01.png,128,128,corrosion,110,13,116,20
8_01_01.png,128,128,corrosion,88,97,93,103
8_01_01.png,128,128,corrosion,31,87,35,92
8_01_01.png,128,128,corrosion,40,115,47,122
8_01_01.png,128,128,corrosion,78,108,86,114
8_01_01.png,128,128,corrosion,96,75,101,81
8_01_01.png,128,128,corrosion,84,66,90,72
8_01_01.png,128,128,corrosion,19,82,24,88
8_01_01.png,128,128,corrosion,13,104,21,109
8_01_01.png,128,128,corrosion,124,83,128,89
8_01_01.png,128,128,corrosion,35,102,41,109
8_01_01.png,128,128,corrosion,76,75,82,80
8_01_01.png,128,128,corrosion,95,110,102,117
8_01_01.png,128,128,corrosion,117,105,122,110
8_01_01.png,128,128,corrosion,99,3,103,9
8_01_01.png,128,128,corrosion,47,88,53,94
8_01_01.png,128,128,corrosion,86,22,90,26
8_01_01.png,128,128,corrosion,12,118,17,125
8_01_01.png,128,128,corrosion,110,115,118,122
8_01_02.png,128,128,corrosion,10,14,16,20
8_01_02.png,128,128,corrosion,54,20,60,26
8_01_02.png,128,128,corrosion,81,31,88,38
8_01_02.png,128,128,corrosion,30,57,36,63
8_01_02.png,128,128,corrosion,74,59,81,65
8_01_02.png,128,128,corrosion,117,55,125,64
8_01_02.png,128,128,corrosion,101,9,109,15
8_01_02.png,128,128,corrosion,53,1,59,6
8_01_02.png,128,128,corrosion,33,1,40,6
8_01_02.png,128,128,corrosion,19,2,24,7
8_01_02.png,128,128,corrosion,90,72,97,78
8_01_02.png,128,128,corrosion,15,69,20,75
8_01_02.png,128,128,corrosion,51,87,58,94
8_01_02.png,128,128,corrosion,44,122,51,128
8_01_02.png,128,128,corrosion,75,71,81,76
8_01_02.png,128,128,corrosion,49,35,56,42
8_01_02.png,128,128,corrosion,78,17,84,23
8_01_02.png,128,128,corrosion,27,35,34,44
8_01_02.png,128,128,corrosion,80,90,86,95
8_01_02.png,128,128,corrosion,46,62,53,69
8_01_02.png,128,128,corrosion,16,27,22,35
8_01_02.png,128,128,corrosion,92,105,98,111
8_01_02.png,128,128,corrosion,113,72,120,78
8_01_02.png,128,128,corrosion,12,95,18,101
8_01_02.png,128,128,corrosion,28,46,36,52
8_01_02.png,128,128,corrosion,64,34,69,38
8_01_02.png,128,128,corrosion,59,70,65,76
8_01_02.png,128,128,corrosion,100,94,106,100
8_01_02.png,128,128,corrosion,117,85,125,91
8_01_02.png,128,128,corrosion,48,108,55,114
8_01_02.png,128,128,corrosion,64,100,77,112
8_01_02.png,128,128,corrosion,105,36,111,41
8_01_02.png,128,128,corrosion,96,65,103,70
8_01_02.png,128,128,corrosion,1,70,7,77
8_01_02.png,128,128,corrosion,57,29,62,34
8_01_02.png,128,128,corrosion,40,13,46,19
8_01_02.png,128,128,corrosion,65,82,70,88
8_01_02.png,128,128,corrosion,108,95,115,102
8_01_02.png,128,128,corrosion,1,52,9,59
8_01_03.png,128,128,corrosion,35,24,51,46
8_01_03.png,128,128,corrosion,2,88,9,94
8_01_03.png,128,128,corrosion,44,65,52,71
8_01_03.png,128,128,corrosion,55,82,65,91
8_01_03.png,128,128,corrosion,1,101,5,107
8_01_03.png,128,128,corrosion,61,107,69,114
8_01_03.png,128,128,corrosion,24,99,32,107
8_01_03.png,128,128,corrosion,120,115,128,122
8_01_03.png,128,128,corrosion,11,24,18,30
8_01_03.png,128,128,corrosion,57,3,64,10
8_01_03.png,128,128,corrosion,35,74,43,80
8_01_03.png,128,128,corrosion,6,62,13,69
8_01_03.png,128,128,corrosion,10,82,18,89
8_01_03.png,128,128,corrosion,79,99,85,104
8_01_03.png,128,128,corrosion,43,101,49,107
8_01_03.png,128,128,corrosion,62,76,68,82
8_01_03.png,128,128,corrosion,23,83,29,89
8_01_03.png,128,128,corrosion,90,82,95,87
8_01_03.png,128,128,corrosion,52,94,58,100
8_01_03.png,128,128,corrosion,80,61,85,68
8_01_03.png,128,128,corrosion,9,103,15,110
8_01_03.png,128,128,corrosion,16,98,21,102
8_01_03.png,128,128,corrosion,78,75,84,80
8_01_03.png,128,128,corrosion,29,91,35,96
8_01_03.png,128,128,corrosion,103,119,114,128
8_01_03.png,128,128,corrosion,108,61,113,66
8_01_03.png,128,128,corrosion,7,76,12,81
8_01_03.png,128,128,corrosion,1,62,5,68
8_01_04.png,128,128,corrosion,36,42,42,48
8_01_04.png,128,128,corrosion,111,64,120,72
8_01_04.png,128,128,corrosion,93,17,101,24
8_01_04.png,128,128,corrosion,26,10,31,16
8_01_04.png,128,128,corrosion,32,93,38,99
8_01_04.png,128,128,corrosion,56,97,67,109
8_01_04.png,128,128,corrosion,92,73,99,80
8_01_04.png,128,128,corrosion,44,9,50,16
8_01_04.png,128,128,corrosion,10,52,17,58
8_01_04.png,128,128,corrosion,102,43,109,49
8_01_04.png,128,128,corrosion,64,10,70,16
8_01_04.png,128,128,corrosion,108,86,114,92
8_01_04.png,128,128,corrosion,84,99,89,103
8_01_04.png,128,128,corrosion,67,45,72,50
8_01_04.png,128,128,corrosion,117,6,122,11
8_01_04.png,128,128,corrosion,33,26,37,31
8_01_04.png,128,128,corrosion,26,38,31,44
8_01_04.png,128,128,corrosion,89,57,93,62
8_01_04.png,128,128,corrosion,51,32,58,37
8_01_04.png,128,128,corrosion,7,12,11,16
8_01_04.png,128,128,corrosion,104,4,110,10
8_01_04.png,128,128,corrosion,121,38,126,43
8_01_04.png,128,128,corrosion,67,63,72,67
8_02_01.png,128,128,corrosion,83,11,90,18
8_02_01.png,128,128,corrosion,42,68,49,73
8_02_01.png,128,128,corrosion,75,21,81,27
8_02_01.png,128,128,corrosion,13,3,19,10
8_02_01.png,128,128,corrosion,98,1,104,5
8_02_01.png,128,128,corrosion,46,1,51,6
8_02_01.png,128,128,corrosion,89,107,99,117
8_02_01.png,128,128,corrosion,36,45,51,61
8_02_01.png,128,128,corrosion,60,19,67,26
8_02_01.png,128,128,corrosion,20,80,26,85
8_02_01.png,128,128,corrosion,31,105,36,110
8_02_01.png,128,128,corrosion,1,26,6,31
8_02_01.png,128,128,corrosion,106,64,111,71
8_02_01.png,128,128,corrosion,53,28,59,33
8_02_02.png,128,128,corrosion,60,31,70,43
8_02_02.png,128,128,corrosion,106,32,113,40
8_02_02.png,128,128,corrosion,45,65,52,71
8_02_02.png,128,128,corrosion,99,64,104,69
8_02_02.png,128,128,corrosion,80,52,88,57
8_02_02.png,128,128,corrosion,41,108,48,116
8_02_03.png,128,128,corrosion,65,24,72,32
8_02_03.png,128,128,corrosion,24,29,31,36
8_02_03.png,128,128,corrosion,42,13,47,17
8_02_03.png,128,128,corrosion,9,37,16,43
8_02_03.png,128,128,corrosion,96,21,101,27
8_02_03.png,128,128,corrosion,24,5,30,10
8_02_03.png,128,128,corrosion,21,63,27,69
8_02_03.png,128,128,corrosion,76,35,81,40
8_02_03.png,128,128,corrosion,89,2,95,7
8_02_03.png,128,128,corrosion,48,19,53,24
8_02_03.png,128,128,corrosion,40,44,46,50
8_02_03.png,128,128,corrosion,6,80,11,85
8_02_03.png,128,128,corrosion,8,22,13,28
8_02_03.png,128,128,corrosion,29,53,33,58
8_02_03.png,128,128,corrosion,59,19,63,24
8_03_01.png,128,128,corrosion,69,6,77,16
8_03_01.png,128,128,corrosion,9,29,17,37
8_03_01.png,128,128,corrosion,43,84,50,90
8_03_01.png,128,128,corrosion,101,100,111,109
8_03_01.png,128,128,corrosion,63,70,69,78
8_03_02.png,128,128,corrosion,56,50,63,57
8_03_02.png,128,128,corrosion,106,96,119,106
8_03_02.png,128,128,corrosion,77,86,86,93
8_03_02.png,128,128,corrosion,109,42,117,50
8_03_02.png,128,128,corrosion,110,1,116,7
8_03_02.png,128,128,corrosion,101,49,107,55
8_03_03.png,128,128,corrosion,50,14,57,21
8_03_03.png,128,128,corrosion,19,121,26,128
8_03_03.png,128,128,corrosion,103,52,110,60
8_03_03.png,128,128,corrosion,45,48,55,58
8_03_03.png,128,128,corrosion,63,104,70,112
8_03_03.png,128,128,corrosion,100,13,107,22
8_03_03.png,128,128,corrosion,93,68,98,75
8_03_03.png,128,128,corrosion,80,21,86,26
8_03_03.png,128,128,corrosion,122,66,128,72
8_03_03.png,128,128,corrosion,113,43,118,49
8_03_04.png,128,128,corrosion,3,50,13,59
8_03_04.png,128,128,corrosion,9,42,18,50
8_03_04.png,128,128,corrosion,1,23,7,31
8_03_04.png,128,128,corrosion,15,116,22,123
8_03_04.png,128,128,corrosion,99,43,108,53
8_03_04.png,128,128,corrosion,98,120,105,127
8_03_04.png,128,128,corrosion,117,13,125,21
8_03_04.png,128,128,corrosion,123,89,128,95
8_03_04.png,128,128,corrosion,61,55,66,61
8_03_04.png,128,128,corrosion,11,79,17,83
8_03_04.png,128,128,corrosion,70,63,75,67
8_04_01.png,128,128,corrosion,75,3,82,9
8_04_01.png,128,128,corrosion,52,1,57,6
8_04_01.png,128,128,corrosion,83,23,89,29
8_04_01.png,128,128,corrosion,97,60,106,68
8_04_01.png,128,128,corrosion,117,8,123,14
8_04_01.png,128,128,corrosion,57,17,65,25
8_04_01.png,128,128,corrosion,106,24,112,29
8_04_01.png,128,128,corrosion,39,1,46,8
8_04_01.png,128,128,corrosion,104,38,109,43
8_04_02.png,128,128,corrosion,97,11,104,20
8_04_02.png,128,128,corrosion,36,22,42,29
8_04_02.png,128,128,corrosion,109,100,117,108
8_04_02.png,128,128,corrosion,84,109,90,120
8_04_02.png,128,128,corrosion,43,57,48,62
8_04_02.png,128,128,corrosion,66,44,71,49
8_04_02.png,128,128,corrosion,83,34,89,39
8_04_02.png,128,128,corrosion,32,115,38,121
8_04_02.png,128,128,corrosion,40,94,46,100
8_04_02.png,128,128,corrosion,119,104,126,111
8_04_02.png,128,128,corrosion,84,67,89,71
8_04_02.png,128,128,corrosion,73,62,78,67
8_04_02.png,128,128,corrosion,24,50,29,55
8_04_02.png,128,128,corrosion,15,30,21,36
8_04_02.png,128,128,corrosion,53,79,60,87
8_04_02.png,128,128,corrosion,79,89,85,95
8_04_02.png,128,128,corrosion,93,55,98,60
8_04_04.png,128,128,corrosion,28,23,35,30
8_04_04.png,128,128,corrosion,60,47,66,54
8_04_04.png,128,128,corrosion,52,2,59,8
8_04_04.png,128,128,corrosion,4,91,10,97
8_04_04.png,128,128,corrosion,11,61,17,66
8_04_04.png,128,128,corrosion,62,36,69,41
8_04_04.png,128,128,corrosion,67,26,73,31
8_04_04.png,128,128,corrosion,64,81,69,86
8_04_04.png,128,128,corrosion,83,15,88,20
8_04_04.png,128,128,corrosion,92,60,101,70
8_04_04.png,128,128,corrosion,106,1,113,7
8_04_04.png,128,128,corrosion,114,29,123,39
8_04_04.png,128,128,corrosion,71,13,78,20
8_04_04.png,128,128,corrosion,51,82,58,89
8_04_04.png,128,128,corrosion,75,56,82,62
8_04_04.png,128,128,corrosion,64,67,70,72
8_04_04.png,128,128,corrosion,92,23,97,27
8_04_04.png,128,128,corrosion,54,119,60,125
9_01_03.png,128,128,corrosion,37,44,50,58
9_01_03.png,128,128,corrosion,80,52,86,58
9_01_03.png,128,128,corrosion,7,35,13,41
9_02_02.png,128,128,corrosion,52,65,58,71
9_02_02.png,128,128,corrosion,81,36,89,43
9_02_02.png,128,128,corrosion,80,1,90,10
9_02_03.png,128,128,corrosion,80,9,96,25
